date,min,max,pm25,q1,q3,stdev,count
2019-12-09,0.6,1.98,1.42,0.85,1.6,0.387,269
2019-12-10,0.76,5.3,1.4,1.23,2.2,0.655,352
2019-12-11,0.8,3.87,1.97,1.6,2.35,0.577,357
2019-12-12,0.6,19.16,12.66,1,16.2,6.811,401
2019-12-13,3.03,15.2,7.09,5.39,11.12,3.312,448
2019-12-14,1.65,11.7,4.55,2.95,6.64,2.727,319
2019-12-15,0.85,5.3,1.76,1.44,2.5,0.715,456
2019-12-16,0.95,3.15,1.85,1.65,2.16,0.386,230
2019-12-17,1.34,6.08,3.37,2.95,4.73,1.107,232
2019-12-18,0.6,5,1.38,1.11,1.97,0.935,372
2019-12-19,1.2,7.1,3.32,2.04,4.09,1.435,440
2019-12-20,3.22,22.94,12.08,7.92,16.98,5.04,457
2019-12-21,8.75,33.75,22.19,19.48,28.48,5.495,446
2019-12-22,1.8,8.6,3.69,3.18,4.45,1.039,448
2019-12-23,1.63,8.23,2.84,2.38,3.8,0.948,446
2019-12-24,2.75,13.03,4.59,3.88,7.83,2.494,464
2019-12-25,0.8,10.7,3.55,2.7,5.95,2.182,465
2019-12-26,0.82,3.84,1.8,1.4,2.27,0.662,462
2019-12-27,0.84,3.25,2.12,1.65,2.38,0.545,446
2019-12-28,1.46,3.48,2.15,1.9,2.6,0.42,460
2019-12-29,1.82,12.92,6.52,3.58,9.27,3.164,460
2019-12-30,1.3,11.53,3.06,2.48,3.72,2.22,455
2019-12-31,0.55,6.52,1.02,0.8,1.19,0.746,445
2020-01-01,0.97,3.34,1.46,1.3,2.16,0.553,457
2020-01-02,1.7,9.09,5.71,4.21,7.02,1.998,452
2020-01-03,0.6,6.02,1.1,0.95,1.65,1.076,439
2020-01-04,0.7,1.88,1.03,0.85,1.3,0.293,453
2020-01-05,0.9,1.92,1.25,1.15,1.4,0.176,452
2020-01-06,0.7,2.66,1.74,1.45,2,0.416,430
2020-01-07,0.65,10.43,3.71,0.98,5.65,2.698,430
2020-01-08,1,3.83,2.25,2,2.46,0.389,420
2020-01-09,2.04,6.83,2.82,2.6,3.58,0.759,442
2020-01-10,1.45,14.68,2.9,2.04,3.83,1.342,371
2020-01-11,0.88,3.97,2.1,1.6,2.75,0.7,437
2020-01-12,0.55,2.85,1.54,0.88,1.8,0.526,455
2020-01-13,1.38,4.22,2.18,1.93,2.43,0.376,419
2020-01-14,1.57,10.05,3.47,2.15,4.88,1.85,377
2020-01-15,0.65,5.47,1.4,1.2,2.06,0.873,388
2020-01-16,0.98,3.84,2.77,2.1,3.11,0.765,405
2020-01-17,2.06,15.9,8.6,2.73,11.76,4.469,399
2020-01-18,0.6,24.26,9.9,1.23,14.2,6.445,419
2020-01-19,0.75,1.55,1.1,1,1.2,0.157,257
2020-02-06,0.57,3.9,2.45,2.11,2.99,0.633,73
2020-02-07,1.37,4.76,3.14,2.52,3.73,0.812,210
2020-02-08,1.27,7.1,3.2,2.06,4.03,1.343,188
2020-02-09,3.5,17.3,9.43,6.84,11.35,2.97,331
2020-02-10,0.7,5.09,1.76,1.42,2.06,0.888,331
2020-02-11,1.3,4.58,2.25,1.97,2.5,0.435,320
2020-02-12,0.85,5.12,1.4,1.1,2.48,0.836,323
2020-02-13,0.88,2.6,1.28,1.14,1.58,0.291,332
2020-02-14,1.12,4.55,1.9,1.5,2.5,0.696,345
2020-02-15,1.53,7.28,3.49,2.54,4.87,1.524,288
2020-02-16,0.7,11.67,2.8,1.25,4.45,2.615,321
2020-02-17,0.76,3.53,1.86,1.46,2.35,0.624,326
2020-02-18,1.05,3.67,2.4,1.75,2.83,0.65,288
2020-02-19,0.97,4.16,1.57,1.26,1.85,0.455,394
2020-02-20,0.9,5.93,1.67,1.45,2.06,0.937,418
2020-02-21,0.8,9.6,2.34,1.43,3.24,2.261,378
2020-02-22,0.53,2.33,1.05,0.85,1.47,0.38,387
2020-02-23,0.67,4.49,1.14,1,1.56,0.577,379
2020-02-24,0.75,14.24,1.35,1.13,2.15,1.396,431
2020-02-25,0.93,2.72,1.6,1.28,1.96,0.395,394
2020-02-26,0.8,3.78,1.13,1.04,1.25,0.229,339
2020-02-27,0.9,3.92,1.55,1.28,2.02,0.488,448
2020-02-28,1,3.1,1.6,1.42,1.96,0.464,452
2020-02-29,1.36,8.44,2.54,1.96,3.59,1.575,461
2020-03-01,1.3,157.04,2.29,1.94,2.64,9.555,459
2020-03-02,1.45,4.5,2.4,2.12,2.9,0.58,411
2020-03-03,2.31,16.55,6.38,5.46,7.86,3.013,346
2020-03-04,0.98,14.58,1.61,1.25,2.38,3.543,272
2020-03-05,0.92,3.35,1.6,1.35,1.94,0.575,336
2020-03-06,0.82,4.16,2.04,1.5,2.8,0.775,456
2020-03-07,3.45,14.5,7.5,6.12,10.28,2.501,463
2020-03-08,4.4,14.45,9.77,8.64,11.23,2.027,420
2020-03-09,1.44,16.35,6.12,3.06,9.18,3.667,461
2020-03-10,1.35,16.92,4.87,3.72,9.27,3.819,463
2020-03-11,0.57,4.34,2.29,1.13,2.78,0.898,466
2020-03-12,0.94,2.86,1.63,1.36,2.06,0.444,427
2020-03-13,0.74,226.68,1.22,1.05,1.48,25.531,337
2020-03-15,2.37,5.55,4.15,3,5.09,0.994,55
2020-03-16,0.75,6.27,1.88,1.25,4.88,1.737,465
2020-03-17,1.12,3.35,1.82,1.55,2.25,0.492,465
2020-03-18,0.55,4.92,1.65,1,2.84,0.943,422
2020-03-19,0.84,3.38,1.42,1.15,1.66,0.354,458
2020-03-20,0.85,4.07,1.5,1.25,2.12,0.653,400
2020-03-21,0.86,3.03,1.28,1.08,1.52,0.362,407
2020-03-22,0.9,4.83,1.45,1.2,1.75,0.43,392
2020-03-23,0.94,2.45,1.47,1.23,1.7,0.291,396
2020-03-24,1.7,4.72,2.4,2.2,2.8,0.508,411
2020-03-25,2.06,5.63,3.36,3.08,4.22,0.83,387
2020-03-26,3.27,11.37,6.75,6.05,9.16,1.933,377
2020-03-27,5.24,11.43,8.3,7.06,9.65,1.439,350
2020-03-28,0.86,2.5,1.2,1.1,1.37,0.287,157
2020-03-29,0.8,4.37,1.08,1,1.23,0.428,309
2020-03-30,0.85,1.74,1.14,1.08,1.21,0.125,116
2020-03-31,0.85,2.1,1.17,1.06,1.35,0.208,290
2020-04-01,0.74,2.06,1.3,1.12,1.44,0.249,198
2020-04-02,0.65,2.92,1.65,1.2,2.13,0.566,395
2020-04-03,0.7,7.32,1.05,0.94,1.23,0.506,425
2020-04-04,0.75,11.34,1.2,1.06,1.46,1.154,440
2020-04-05,0.94,13.83,1.66,1.3,4.04,2.891,447
2020-04-06,2.5,15.43,5.08,4.12,8.34,3.442,405
2020-04-07,1.65,17.12,9.13,2.64,10.74,4.601,377
2020-04-08,1.83,3.87,2.52,2.27,2.85,0.388,402
2020-04-09,0.6,7.42,1.2,0.98,1.45,0.803,395
2020-04-10,0.57,2.97,0.85,0.75,1.4,0.484,434
2020-04-11,1.05,6.32,2.68,1.44,3.6,1.213,127
2020-04-12,0.5,10.43,2.37,1.41,4.94,2.633,459
2020-04-13,0.56,5.04,1.05,0.9,1.22,0.403,448
2020-04-14,0.6,8.06,1.18,0.86,1.37,0.57,449
2020-04-15,0.44,3.71,1.05,0.85,1.41,0.487,417
2020-04-16,0.6,3.04,0.9,0.75,1.06,0.29,416
2020-04-17,0.6,6.46,1.06,0.94,1.18,0.576,464
2020-04-18,0.65,13.13,1.3,1.1,1.5,1.146,474
2020-04-19,0.7,33.49,1.25,1.04,1.73,2.181,453
2020-04-20,0.71,5.55,1.15,1.02,1.42,0.494,421
2020-04-21,0.7,2.12,1.15,1.05,1.3,0.212,328
2020-04-22,0.75,2.25,1.15,1.03,1.3,0.194,351
2020-04-23,0.7,6.72,1.3,1.1,1.45,0.427,392
2020-04-24,0.5,8.02,0.85,0.75,1.1,0.625,444
2020-04-25,0.56,10.72,0.86,0.75,1.06,0.878,416
2020-04-26,0.6,4.55,1.31,1.08,1.68,0.449,447
2020-04-27,0.91,16.95,1.56,1.34,2.02,1.502,433
2020-04-28,1,5.37,1.55,1.31,1.91,0.482,329
2020-04-29,1.06,3.56,1.76,1.55,2.15,0.533,419
2020-04-30,1.66,6.48,3.08,2.4,4.46,1.139,438
2020-05-01,2.25,11.48,4.7,3.59,8.03,2.575,457
2020-05-02,0.75,9.15,1.82,1.25,2.25,1.676,447
2020-05-03,0.7,4.05,1.78,1.22,2.29,0.62,468
2020-05-04,0.8,10.78,1.34,1.12,1.92,0.855,436
2020-05-05,0.68,3.72,1.25,1.05,1.68,0.538,406
2020-05-06,0.75,6.7,1.3,1.13,1.54,0.507,486
2020-05-07,0.65,5.8,1.1,0.97,1.27,0.355,333
2020-05-08,1.3,5.3,2.48,1.9,2.95,0.84,307
2020-05-09,0.56,6.28,0.95,0.8,1.2,0.565,300
2020-05-10,0.55,8.25,2.87,1.65,5.26,2.013,202
2020-05-11,0.55,3,1,0.8,1.2,0.331,286
2020-05-12,0.62,2.1,1,0.9,1.12,0.197,395
2020-05-13,0.5,13.62,1.2,0.97,1.5,0.95,396
2020-05-14,0.7,2.94,1.25,1.02,1.5,0.422,386
2020-05-15,0.7,4.68,1.12,1,1.32,0.417,436
2020-05-16,0.62,13.66,0.95,0.86,1.08,1.124,284
2020-05-17,0.45,2.95,1.02,0.76,1.32,0.364,446
2020-05-18,0.3,4.62,0.9,0.65,1.2,0.491,391
2020-05-19,0.47,6.49,1.05,0.85,1.3,0.816,445
2020-05-20,0.69,9.75,1.1,0.95,1.54,0.755,455
2020-05-21,0.69,4.25,1.23,1,1.72,0.479,419
2020-05-22,0.86,2.85,1.84,1.58,2.12,0.409,461
2020-05-23,0.91,8.32,2.1,1.7,3.83,1.89,418
2020-05-24,1.5,6.68,3,2.29,3.92,1.175,434
2020-05-25,1.33,9.73,2.12,1.9,3.45,1.203,437
2020-05-26,1.14,3.75,1.95,1.67,2.4,0.553,411
2020-05-27,1.05,17.98,2,1.75,2.25,0.886,421
2020-05-28,0.5,4.2,1.1,0.9,1.42,0.501,427
2020-05-29,0.6,11.85,1.2,0.9,1.65,0.715,440
2020-05-30,0.35,7.5,0.8,0.7,1,0.746,457
2020-05-31,0.4,11.32,0.73,0.65,0.9,0.636,400
2020-06-01,0.4,6.8,1.3,0.9,1.6,0.711,401
2020-06-02,0.77,2.87,1.35,1.14,1.55,0.387,431
2020-06-03,0.9,33.5,1.83,1.52,2.2,1.894,372
2020-06-04,1.5,17.02,2.91,2.47,3.5,1.118,434
2020-06-05,2.17,17.23,4.12,3.42,4.7,1.149,367
2020-06-06,0.6,10.19,1.3,0.9,2.5,1.076,397
2020-06-07,0.7,3.5,1.3,1.1,1.52,0.357,437
2020-06-08,0.8,12.8,1.5,1.3,1.92,0.849,429
2020-06-09,0.4,6.1,1.6,1.33,2.29,0.604,402
2020-06-10,0.5,6.15,0.8,0.7,0.98,0.41,421
2020-06-11,0.52,20,0.9,0.8,1.08,1.281,444
2020-06-12,0.8,6.32,2,1.73,2.27,0.61,450
2020-06-13,0.8,7.65,1.6,1.4,1.9,0.617,435
2020-06-14,0.9,3.62,1.6,1.3,1.8,0.429,304
2020-06-15,1.1,7.57,1.6,1.5,1.98,0.608,455
2020-06-16,1.42,19.98,2.25,1.85,3.1,1.469,460
2020-06-17,1.58,12.77,3.8,2.52,4.65,1.395,446
2020-06-18,2.4,7.55,3.53,3.2,4.93,1.086,385
2020-06-20,1.37,3.7,1.7,1.6,1.9,0.456,137
2020-06-21,1.17,10.5,1.77,1.6,1.98,0.558,466
2020-06-22,1.2,42.5,1.92,1.62,2.2,1.955,450
2020-06-23,1.42,4.72,2.29,2.08,2.7,0.545,453
2020-06-24,2.62,5.93,3.4,3.2,3.72,0.412,468
2020-06-25,1.4,5.97,3.75,2.83,4.45,0.98,451
2020-06-26,2.15,5.47,3.03,2.78,3.46,0.712,456
2020-06-27,2.4,9.85,3.65,3.2,4.9,1.193,425
2020-06-28,3.5,11.52,5.03,4.62,5.45,1.095,383
2020-06-29,1,10.63,2.21,1.8,3.9,1.964,400
2020-06-30,0.52,3.3,1.58,1.25,1.87,0.485,390
2020-07-01,0.8,10.35,1.2,1.1,1.4,0.765,382
2020-07-02,0.52,2.25,1.3,1.1,1.5,0.296,380
2020-07-03,0.6,3.1,1,0.82,1.25,0.313,392
2020-07-04,0.43,9.93,1.1,0.9,1.3,0.623,410
2020-07-05,0.88,5.2,1.55,1.35,2,0.748,390
2020-07-06,0.6,1.85,1.17,1.02,1.3,0.207,232
2020-07-07,0.2,13.45,0.7,0.6,0.8,0.725,378
2020-07-08,0.4,3.85,0.89,0.7,1,0.309,370
2020-07-09,0.35,2.92,0.8,0.6,1.02,0.323,393
2020-07-10,0.6,6.97,1.2,1,1.55,0.785,377
2020-07-11,0.6,3.87,1.2,1,1.4,0.352,303
2020-07-12,0.6,8.27,1,0.85,1.1,0.601,366
2020-07-13,0.5,16.48,1,0.8,1.55,1.051,348
2020-07-14,1.2,3.17,1.77,1.6,1.98,0.357,258
2020-07-15,1.1,12.73,1.77,1.5,2.71,1.028,204
2020-07-16,1,10.4,1.7,1.4,4.2,2.392,278
2020-07-17,0.88,6.55,1.62,1.4,1.87,0.594,401
2020-07-18,1,7.43,1.84,1.5,2.4,0.885,378
2020-07-19,1.14,5.72,4.59,1.8,5.09,1.606,139
2020-07-20,0.9,5.15,2.5,1.6,3.22,1.068,167
2020-07-21,0.4,3.1,0.9,0.73,1.1,0.275,231
2020-07-22,0.3,2.15,0.6,0.5,0.7,0.279,233
2020-07-23,0.3,10.93,0.5,0.4,0.6,0.939,261
2020-07-24,0.3,3.28,0.6,0.5,0.8,0.285,326
2020-07-25,0.3,2.29,0.6,0.5,1.55,0.539,66
2020-07-26,0.7,3.5,1.17,0.9,1.65,0.474,372
2020-07-27,1.2,6.28,2.4,2.02,2.8,0.766,235
2020-07-28,1.3,7.57,2.5,1.87,4.47,1.646,352
2020-07-29,0.62,5.57,1.4,1.1,2.04,0.857,280
2020-07-30,0.7,2.42,1.23,1.1,1.52,0.33,347
2020-07-31,0.8,11.65,2,1.54,4.09,1.437,353
2020-08-01,1.27,6.18,3.03,1.94,4.63,1.386,349
2020-08-02,0.8,5.2,2.8,1.87,3.97,1.151,354
2020-08-03,0.7,3.4,1.5,1.2,1.9,0.445,343
2020-08-04,0.3,14.75,0.85,0.65,1.05,0.895,393
2020-08-05,0.6,2.85,1.3,1.1,1.48,0.282,419
2020-08-06,1.14,5.82,1.9,1.7,2.42,0.684,319
2020-08-07,0.6,6.18,2.37,1.7,3.3,1,420
2020-08-08,1.27,6.5,2.1,1.8,3.1,0.981,384
2020-08-09,0.9,19.62,2.47,1.8,4.45,1.719,365
2020-08-10,0.8,6.68,1.3,1.17,1.45,0.829,110
2020-08-11,0.82,6.5,1.35,1.23,1.5,0.431,417
2020-08-12,1.1,3.5,1.6,1.5,1.8,0.278,411
2020-08-13,1.6,6.75,3.26,2.9,4.09,0.899,432
2020-08-14,2.6,8.4,4.62,3.9,5.12,1.073,391
2020-08-15,2.83,12.9,4.97,3.9,5.72,1.211,439
2020-08-16,0.7,9.1,5.32,1.08,7.22,2.981,439
2020-08-17,1.1,18.1,3.4,2.44,4.34,1.434,432
2020-08-18,2.17,6.37,3.89,2.97,4.65,0.972,430
2020-08-19,1.92,12.65,3.4,2.64,4.55,2.245,428
2020-08-20,1.65,5.82,2.6,2.29,2.9,0.654,431
2020-08-21,2.04,29.12,4.05,3.39,5.35,2.203,424
2020-08-22,1.35,12,3.5,2,4.88,1.501,393
2020-08-23,0.93,2.97,1.67,1.48,1.95,0.384,411
2020-08-24,0.47,3.5,1.13,0.88,1.8,0.576,368
2020-08-25,0.5,3.58,0.9,0.77,1,0.267,372
2020-08-26,0.5,4.93,0.8,0.7,1,0.529,381
2020-08-27,0.4,2.9,0.8,0.7,1,0.389,425
2020-08-28,0.4,8.32,0.85,0.7,1.1,0.638,384
2020-08-29,0.62,17.14,1.37,1.1,1.7,1.3,393
2020-08-30,0.8,4.53,1.4,1.2,2.3,0.86,399
2020-08-31,0.5,12,1,0.8,1.35,1.051,388
2020-09-01,1,14.57,1.94,1.52,2.2,0.942,336
2020-09-02,0.9,8.85,2.27,1.83,2.6,0.736,399
2020-09-03,1.62,9.05,4.69,3.9,5.6,1.362,386
2020-09-04,1.1,16.89,2.7,1.84,3.55,1.592,401
2020-09-05,0.88,3.55,1.8,1.32,2.17,0.51,396
2020-09-06,0.5,2.7,1.1,0.9,1.42,0.382,398
2020-09-07,0.4,4.59,1,0.8,1.3,0.657,374
2020-09-08,0.5,2.75,1,0.82,1.3,0.37,330
2020-09-09,0.3,6.43,2.29,1.17,2.75,0.985,303
2020-09-10,0.2,12.15,0.7,0.55,1,1.613,287
2020-09-11,0.55,3.15,1.1,0.8,1.55,0.568,283
2020-09-12,1.27,4.72,3.08,2.7,3.36,0.632,269
2020-09-13,0.6,5.82,2.25,1.5,2.6,0.695,319
2020-09-14,0.5,4.59,2,1.1,2.4,0.751,266
2020-09-15,1.98,10.52,4.03,3.28,4.53,1.041,231
2020-09-16,0.43,0.8,0.6,0.54,0.61,0.087,32
2020-09-17,0.5,4.55,0.9,0.75,1,0.426,147
2020-09-18,0.68,12.85,1.25,1,1.6,1.084,292
2020-09-19,0.7,6.22,1.2,1.05,1.92,0.761,281
2020-09-20,1,3.08,1.9,1.62,2.2,0.408,221
2020-09-21,1.5,5.93,2.29,1.98,2.8,0.658,208
2020-09-22,1.27,10.23,1.95,1.7,3.35,2.315,299
2020-09-23,4.12,36.33,8.19,5.82,13.25,5.956,374
2020-09-24,4.68,34.29,16.48,9.47,22.3,7.445,392
2020-09-25,1.5,12.07,3.9,3.03,4.95,2.139,299
2020-09-26,8.65,16.12,11.76,10.13,12.55,1.496,242
2020-09-27,4.84,15.13,12.3,10.07,13.45,2.62,204
2020-09-28,4.62,18.67,9.07,5.68,11.38,3.258,244
2020-09-29,1.6,9.65,3.5,2.72,6.43,2.207,235
2020-09-30,1.55,14.87,5.97,3.33,7.3,2.338,343
2020-10-01,2.7,26.35,7.4,3.55,8.4,2.865,279
2020-10-02,6.22,29.5,12.32,8.68,14.01,3.272,253
2020-10-03,6.62,22.67,14.76,10.43,18.1,4.512,238
2020-10-04,5.68,21.37,16.48,12.98,19.13,3.436,280
2020-10-05,0.8,11.05,2.84,1.48,4.28,2.331,288
2020-10-06,1.6,18.92,3.07,2.25,8.1,5.31,300
2020-10-07,1.23,5.03,2.54,2.17,3,0.688,299
2020-10-08,1.27,4.82,1.98,1.7,2.69,0.767,289
2020-10-09,0.8,3.85,1.58,1.2,2.04,0.665,312
2020-10-10,0.73,7.68,2.1,1.65,2.6,0.905,367
2020-10-11,0.8,4.53,1.33,1.14,1.6,0.344,367
2020-10-12,0.4,2.4,0.95,0.65,1.1,0.279,299
2020-10-13,0.6,8.88,1.1,1,1.3,0.615,364
2020-10-14,0.6,9.07,0.9,0.8,1.1,0.779,342
2020-10-15,0.6,14.82,1,0.9,1.2,1.277,359
2020-10-16,0.5,6.15,1,0.8,2.52,1.327,366
2020-10-17,0.6,9.93,1.1,0.95,1.3,0.914,369
2020-10-18,0.5,23.6,0.9,0.8,1,1.322,380
2020-10-19,0.6,4.97,1,0.8,1.2,0.481,370
2020-10-20,0.77,8.63,1.7,1.27,2.9,1.936,383
2020-10-21,6.85,18.98,13.2,10,16.2,3.413,371
2020-10-22,0.63,10.6,2.02,1.42,3.83,2.342,363
2020-10-23,0.5,6.17,1.45,1.1,2.9,1.269,359
2020-10-24,0.9,17.5,2.4,2.06,3.1,1.4,370
2020-10-25,0.7,12.93,5.2,2.4,6.68,2.754,403
2020-10-26,1.33,30.15,6.63,2.7,14.25,8.067,394
2020-10-27,1.52,28.38,4,2.58,5.95,7.103,374
2020-10-28,1.92,7.8,3.6,2.88,4.72,1.323,387
2020-10-29,2.29,10.13,5.85,4.4,8.07,2.113,389
2020-10-30,3.2,16.03,7.8,6.03,8.86,1.774,396
2020-10-31,2.29,14.15,4.97,3.88,7.15,2.75,405
2020-11-01,1.33,16.23,6.4,2.9,11.25,4.463,405
2020-11-02,0.7,17.3,4.29,1.88,6.22,4.317,388
2020-11-03,0.7,34.1,1.5,1.3,1.8,1.983,388
2020-11-04,1.23,5.25,2.2,1.9,2.57,0.566,310
2020-11-05,0.73,4.78,1.3,1.1,1.58,0.38,299
2020-11-06,0.65,19,1.12,0.93,1.6,1.423,315
2020-11-07,1.05,6.55,1.75,1.5,2.4,0.737,347
2020-11-08,0.88,6.63,1.8,1.3,2.88,1.126,315
2020-11-09,1.2,7.88,2.45,1.8,3.12,1.119,269
2020-11-10,2.6,58.78,3.9,3.53,4.43,3.305,308
2020-11-11,3.07,16.2,7.47,4.4,12.88,4.054,311
2020-11-12,12.9,24.65,17.09,14.26,21.87,3.782,268
2020-11-13,4.09,15.8,8.86,7.47,10.4,2.119,286
2020-11-14,3.1,15.65,7.43,5.87,8.76,2.72,305
2020-11-15,6.18,35.85,13.8,8.77,19.35,8.032,267
2020-11-16,3.45,32.72,16.05,12.13,24,8.473,258
2020-11-17,0.8,3.8,2.1,1.67,2.52,0.634,279
2020-11-18,0.5,60.13,1.29,0.82,1.94,3.412,332
2020-11-19,0.5,4.32,1.58,0.9,2.6,1.084,330
2020-11-20,0.6,7.5,1,0.87,1.5,0.673,336
2020-11-21,0.8,68.33,1.4,1.1,1.73,4.449,284
2020-11-22,0.7,30.87,1.91,1.6,2.2,2.112,268
2020-11-23,0.6,11.47,0.9,0.8,1,0.69,251
2020-11-24,0.8,13.07,2.2,1.3,2.9,1.672,262
2020-11-25,1.1,12.25,4.07,2.63,4.7,1.538,263
2020-11-26,1.1,16.6,5,2.2,7.63,2.966,255
2020-11-27,0.9,26.27,1.5,1.17,2.2,1.753,252
2020-11-28,1.2,10,2.29,1.8,3.13,1,256
2020-11-29,2.2,13.07,3.99,3.37,6.87,2.017,258
2020-11-30,2.43,10.7,5.3,3.73,6.9,1.911,227
2020-12-01,2.1,20.77,4.48,3.3,6.2,2.595,226
2020-12-02,1.5,88.47,7.45,5.8,8.97,5.785,246
2020-12-03,5.4,58.03,7.97,6.93,9.17,4.232,218
2020-12-04,1.1,57.03,4.22,3.03,7.43,4.451,238
2020-12-05,6.23,20.58,16.66,15.34,17.66,3.347,228
2020-12-06,8.86,24.83,17.78,12.23,21.1,4.677,308
2020-12-07,3.43,16.47,5.14,4.3,9,3.586,268
2020-12-08,4.03,9.27,6.27,5.53,7.09,1.222,261
2020-12-09,3.87,22.3,7.8,5.37,9.61,2.489,240
2020-12-10,5.03,12.17,9.27,6.63,10.53,1.991,243
2020-12-11,2.37,40,8.47,6.83,11.72,3.78,289
2020-12-12,4.07,83.43,8.89,6.53,11.5,5.355,294
2020-12-13,2.1,36.2,6.1,4.5,15.53,5.702,278
2020-12-14,3.17,10.7,4.7,4.33,5.27,1.354,263
2020-12-15,4.2,16.87,8.63,7.4,11.27,2.913,279
2020-12-16,1,85.3,2,1.4,3.37,6.007,279
2020-12-17,1.8,6,3.7,3.13,4.4,0.839,258
2020-12-18,0.53,15.73,2.06,1,3.53,1.525,277
2020-12-19,3.83,35.03,7,6.25,8.39,2.813,264
2020-12-20,2.9,29.33,11.5,8.43,15.05,5.048,276
2020-12-21,1.83,39.75,3.63,3.27,4,2.589,270
2020-12-22,1.53,114.77,3.93,3.1,5.65,8.241,261
2020-12-23,0.6,18.2,1.27,1.1,1.5,1.497,279
2020-12-24,0.8,4.7,1.4,1.17,1.8,0.495,259
2020-12-25,0.7,16.32,1.23,1,1.7,0.999,278
2020-12-26,1,17.13,2.1,1.8,2.73,1.916,270
2020-12-27,1.1,6.63,3.53,2,4.42,1.51,272
2020-12-28,1.2,7.8,5.8,4.7,6.6,1.559,269
2020-12-29,1.33,8.47,4.34,3.27,6.4,1.937,268
2020-12-30,0.8,96.5,2.2,1.3,5.59,6.145,272
2020-12-31,1.8,102.67,3.57,2.93,5.01,12.107,285
2021-01-01,2.2,88.5,3.7,3.1,5.23,19.875,275
2021-01-02,1.6,8.33,3.3,2.29,4.48,1.495,249
2021-01-03,0.9,7.23,1.7,1.47,1.97,0.58,255
2021-01-04,1.4,6.2,3,2,3.67,0.994,251
2021-01-05,1.2,5.7,2.29,2,2.6,0.487,242
2021-01-06,1.2,5,2.73,2.43,3.2,0.723,253
2021-01-07,1.3,6.4,3.03,2,3.8,0.996,247
2021-01-08,1.8,8.4,3.9,2.62,5.4,1.614,253
2021-01-09,3.6,21,5.33,4.5,7.82,3.6,253
2021-01-10,1.1,7.57,2.5,1.83,3.13,1.145,251
2021-01-11,0.7,9.47,1.63,1.09,3,1.318,237
2021-01-12,0.6,4.93,1.3,1,2,0.657,247
2021-01-13,0.7,9.17,3.76,1.4,5.6,2.363,244
2021-01-14,1.9,9.67,4.48,3.1,5.63,1.597,236
2021-01-15,1.7,11.47,2.5,2.2,2.97,0.855,256
2021-01-16,1.1,3.2,1.93,1.7,2.2,0.368,241
2021-01-17,0.8,7.8,2.47,2,3.2,1.491,227
2021-01-18,2.2,8.36,4.63,3.77,5.5,1.234,218
2021-01-19,4.47,16.89,8.75,6.84,10.02,2.199,192
2021-01-20,4.93,49.8,14.2,8.52,19.67,6.788,236
2021-01-21,1.47,12.63,3.75,2.34,5.73,2.537,224
2021-01-22,0.6,10,2.13,1.83,2.5,1.924,234
2021-01-23,0.8,6.3,2.13,1.7,3.1,0.971,235
2021-01-24,1.7,12.27,4.13,3.4,4.59,1.138,189
2021-01-25,1,7.5,1.5,1.32,1.8,0.528,221
2021-01-26,0.9,7.9,1.74,1.2,2.2,0.734,250
2021-01-27,1.1,6.13,2.4,1.9,3,0.913,227
2021-01-28,1.37,5.67,2.73,2.4,3.1,0.859,254
2021-01-29,2.1,8.8,4.03,3.57,4.43,0.726,251
2021-01-30,1.5,5.67,2.4,2.17,2.73,0.511,244
2021-01-31,1.33,6.57,1.9,1.7,2.77,0.952,249
2021-02-01,1.6,14.97,4.2,2.2,6.97,3.134,211
2021-02-02,0.9,7.97,3.17,2.13,4.83,1.895,223
2021-02-03,2.1,7.13,3.9,3.5,4.17,0.539,234
2021-02-04,1.6,10.87,2.4,2.13,2.8,0.786,243
2021-02-05,1.7,37.93,3.9,3.05,4.59,2.648,212
2021-02-06,1.4,3.7,2.1,1.9,2.4,0.415,219
2021-02-07,1.1,8.19,1.9,1.67,2.2,0.747,218
2021-02-08,1,3.13,1.5,1.37,1.67,0.247,234
2021-02-09,1,4.13,1.63,1.3,1.8,0.406,186
2021-02-10,1.1,3.53,1.9,1.7,2.27,0.473,218
2021-02-11,1,6.07,1.9,1.7,2.29,0.763,213
2021-02-12,1.12,15.37,1.83,1.6,2.43,1.259,246
2021-02-13,0.9,30.2,1.35,1.2,1.62,2.43,232
2021-02-14,0.9,6.3,1.3,1.1,1.9,0.71,223
2021-02-15,1.47,3.2,2.27,2.02,2.5,0.326,221
2021-02-16,1.4,3.5,2.47,1.99,2.85,0.553,213
2021-02-17,1.1,20.17,1.6,1.39,1.87,1.31,217
2021-02-18,1.1,9.93,2.4,1.7,3.1,1.893,240
2021-02-19,8.9,39.36,21.27,15.8,31.49,8.531,224
2021-02-20,2.97,16.03,4.57,4.03,7.54,3.426,224
2021-02-21,3.6,11.93,7.07,4.93,8.69,2.069,238
2021-02-22,3.8,16.57,8.86,6.4,11.32,3.036,184
2021-02-23,5.43,51,11.6,8.73,22.2,7.307,210
2021-02-24,2.6,19.89,7.77,5.75,17.2,5.64,214
2021-02-25,1.6,6.18,3.33,2.54,4.62,1.23,212
2021-02-26,0.6,7.2,1.7,1.1,2.29,0.79,207
2021-02-27,0.43,36.77,1,0.7,1.4,3.363,237
2021-02-28,0.9,4.4,1.63,1.3,2.67,0.863,235
2021-03-01,1.1,3.6,1.9,1.65,2.1,0.417,220
2021-03-02,0.93,9.73,1.48,1.12,2.6,0.987,232
2021-03-03,0.8,11.63,2.43,1.67,3,1.307,211
2021-03-04,0.7,4.2,1.3,1.1,1.9,0.682,213
2021-03-05,0.8,25.47,1.33,1.14,2.54,2.951,229
2021-03-06,0.5,15.6,0.9,0.8,1.07,1.058,226
2021-03-07,0.7,2.7,1.1,1,1.2,0.229,242
2021-03-08,0.8,4.13,1.5,1.3,1.8,0.641,230
2021-03-09,1.03,6.43,1.63,1.4,3,1.065,232
2021-03-10,2.1,18.82,3.3,2.9,3.7,1.234,215
2021-03-11,1.4,52.5,9.52,2.5,19.27,8.985,224
2021-03-12,0.87,23.53,2.75,1.79,14.17,7.169,224
2021-03-13,1.3,16.97,2.4,2.02,3.3,1.394,228
2021-03-14,1.3,6.2,2.37,2,2.85,0.709,225
2021-03-15,0.9,7.17,2.43,2,3.18,1.54,205
2021-03-16,0.9,11.53,2.6,1.59,7.77,3.508,205
2021-03-17,1.3,5.93,2.23,1.9,3,0.818,231
2021-03-18,0.6,3.9,1.69,1.4,2.27,0.585,176
2021-03-19,0.9,6.27,1.5,1.3,1.82,0.628,221
2021-03-20,1,3.47,1.7,1.3,2.17,0.472,228
2021-03-21,0.67,2.4,1,0.9,1.2,0.306,218
2021-03-22,0.6,2.6,0.94,0.8,1.15,0.26,220
2021-03-23,0.8,20.9,1.39,1.2,1.73,1.99,278
2021-03-24,1.8,16.92,4.28,3.7,4.8,1.506,225
2021-03-25,6.75,37.75,7.95,7.63,13.73,7.784,19
2021-03-26,10.95,30,18.8,13.23,21.77,4.459,78
2021-03-27,2.8,49.92,25.18,18.73,35.75,11.505,232
2021-03-28,0.5,29.5,1.9,0.92,2.6,5.548,161
2021-03-29,0.9,5.3,3.2,2.29,4.79,1.358,73
2021-03-30,1.1,15.93,2.02,1.59,2.41,1.639,88
2021-03-31,1.02,5.85,2,1.41,3.14,1.022,89
2021-04-01,0.5,4.23,0.93,0.8,1.12,0.505,111
2021-04-02,0.6,3.47,1,0.9,1.14,0.424,99
2021-04-03,0.6,1.85,0.9,0.8,1,0.197,109
2021-04-04,0.9,3.65,1.85,1.4,2.72,0.769,142
2021-04-05,0.5,2.42,1,0.9,1.12,0.295,145
2021-04-06,0.4,4.47,0.8,0.7,0.9,0.447,152
2021-04-07,0.5,53.4,1.3,0.9,2.5,5.31,98
2021-04-08,0.7,3.67,1.53,1.1,2.1,0.671,139
2021-04-09,0.8,7.13,1.5,1.2,1.73,0.672,105
2021-04-10,0.5,78.63,1.2,1,1.47,6.66,141
2021-04-11,0.9,5.07,1.4,1.21,1.58,0.586,124
2021-04-12,0.7,14.4,2.04,1.04,3.99,3.612,104
2021-04-13,0.7,2.93,1.15,1,1.33,0.284,98
2021-04-14,0.68,4.76,1.1,0.9,2,0.872,118
2021-04-15,0.7,3.83,1.55,1.2,2.77,0.855,90
2021-04-16,0.9,2.5,1.5,1.39,1.7,0.275,85
2021-04-17,1.1,5.28,1.55,1.4,1.73,0.528,125
2021-04-18,1.1,2.29,1.67,1.54,1.88,0.246,85
2021-04-19,1.45,3.7,2,1.9,2.13,0.318,94
2021-04-20,1,2.54,1.6,1.5,1.77,0.302,86
2021-04-21,1.4,7.93,2.4,1.8,3.13,1.128,107
2021-04-22,0.5,4.53,1.32,1,2.58,0.93,84
2021-04-23,0.6,12.63,1,0.87,1.1,1.378,99
2021-04-24,0.5,3,0.93,0.8,1.1,0.32,117
2021-04-25,0.7,20.3,1,0.9,1.17,1.635,141
2021-04-26,0.8,3.03,1.2,1.1,1.4,0.307,121
2021-04-27,0.88,3.13,1.3,1.2,1.55,0.365,96
2021-04-28,0.9,4.33,2.4,1.7,3.1,0.811,70
2021-04-29,1.08,4.47,1.97,1.4,3,0.856,79
2021-04-30,0.8,4.23,1.59,1.2,1.8,0.496,78
2021-05-01,0.77,6.37,1.6,1.2,2.08,0.788,96
2021-05-02,0.7,2.2,1.08,0.9,1.27,0.284,94
2021-05-03,1.1,3.35,1.6,1.3,2,0.409,81
2021-05-04,1.25,8.4,2.25,1.8,6.23,2.313,107
2021-05-05,0.67,6.2,1.8,1.07,3.6,1.432,50
2021-05-06,0.8,1.97,1.27,1.1,1.5,0.262,42
2021-05-07,0.8,17,2.1,1.8,3,2.001,107
2021-05-08,1.3,9.85,2.5,2.13,3,1.032,116
2021-05-09,1.4,13.23,2.9,2.47,7.45,3.924,127
2021-05-10,3.33,13.18,4.55,4.03,9.07,3.078,120
2021-05-11,2.83,7.1,4.78,3.95,5.4,0.902,110
2021-05-12,2.1,7.47,3.05,2.74,3.72,0.908,105
2021-05-13,3.15,15.25,7.8,5.78,10.05,2.768,126
2021-05-14,1.9,19.02,6.75,2.85,15.93,5.934,115
2021-05-15,1.45,21.5,5.45,3.35,8.82,3.619,127
2021-05-16,1.5,31.77,2.14,1.9,7.6,3.718,130
2021-05-17,1,6.85,2.2,1.45,3.2,1.652,85
2021-05-18,1.1,12.27,1.89,1.6,8.31,3.795,92
2021-05-19,1,2.72,1.73,1.5,2,0.328,102
2021-05-20,1.3,5.38,2.45,1.9,2.92,0.661,127
2021-05-21,0.82,14.55,1.7,1.5,2.2,1.801,100
2021-05-22,0.8,4.3,2,1.6,2.9,0.766,98
2021-05-23,0.98,17.82,2.29,1.79,3.73,2.057,128
2021-05-24,1.2,6.22,3,1.75,3.72,1.16,131
2021-05-25,1.2,5.9,3.33,2.35,3.67,1.084,131
2021-05-26,1.05,5.22,1.63,1.44,1.8,0.785,57
2021-05-27,0.5,1.4,0.8,0.7,0.93,0.211,117
2021-05-28,0.65,25.52,5.45,4,8.15,3.272,103
2021-05-29,1.52,4.83,2,1.83,2.29,0.561,111
2021-05-30,1.7,63.7,2.54,2.27,3.97,5.181,142
2021-05-31,1.17,29.33,2.4,1.82,3.01,3.105,85
2021-06-01,1.4,58.28,1.9,1.6,2.16,6.394,77
2021-06-02,1.92,5.45,2.83,2.4,3.38,0.826,123
2021-06-03,2.1,11.52,3.1,2.65,5.15,2.57,131
2021-06-04,1.8,39.47,3.22,2.54,4.7,3.37,138
2021-06-05,2.58,6.3,4.09,3.8,4.32,0.556,42
2021-06-06,2.15,7.9,3.29,2.85,3.7,0.74,82
2021-06-07,3.2,6.8,5.03,4.09,5.47,0.79,203
2021-06-08,5.6,10.9,7.03,6.18,8.15,1.44,62
2021-06-09,4.03,14.93,9.66,5.77,12.01,3.213,224
2021-06-10,1.7,7.7,2.85,2.41,3.38,1.601,157
2021-06-11,1.88,37.13,3.2,2.72,3.65,2.789,163
2021-06-12,1.12,5.32,2.7,1.88,3.78,1.064,147
2021-06-13,0.63,5.09,1.38,1,1.6,0.609,147
2021-06-14,1.17,10.32,2.85,1.58,3.4,1.24,170
2021-06-15,0.6,3.3,1.08,0.8,1.48,0.44,174
2021-06-16,1.12,4.53,1.77,1.55,2.5,0.632,147
2021-06-17,1.08,4.5,2.67,2.27,3.29,0.664,193
2021-06-18,2.4,36.53,8.52,3.17,9.43,4.149,211
2021-06-19,1.2,13.2,6.25,3.17,9.27,3.419,238
2021-06-20,5.7,18.3,10.15,9.11,14.14,3.027,253
2021-06-21,1.4,43.6,6.42,4.96,9.66,4.354,232
2021-06-22,2.22,13.18,6.88,5.89,8.4,2.271,197
2021-06-23,1.7,10.4,3.5,2.6,4.03,1.142,246
2021-06-24,3,9.52,4.63,4.17,5.46,1.53,224
2021-06-25,1.2,12.2,5.03,3.62,10.18,3.558,249
2021-06-26,1.65,10.52,3.38,2.67,4.34,1.552,262
2021-06-27,1.7,7.25,4,3.3,4.69,1.2,261
2021-06-28,3.33,27.95,4.97,4.44,5.57,2.729,244
2021-06-29,2.5,34.67,4.59,3.78,5.85,3.421,266
2021-06-30,1.1,8.65,5.08,3.4,6.03,1.972,254
2021-07-01,1.2,3.42,2.15,1.7,2.67,0.556,221
2021-07-02,1.55,9.57,3.53,2.95,4.15,1.077,218
2021-07-03,2.22,7.6,3.85,3.5,4.38,0.859,275
2021-07-04,2.45,6.65,3.51,3.08,4.59,0.95,268
2021-07-05,2.7,6.07,4.13,3.67,4.59,0.607,225
2021-07-06,2.17,7.57,4.43,3.95,5.35,1.079,256
2021-07-07,3.9,295.83,7.17,5.36,9.8,19.072,232
2021-07-08,1.52,5.93,2.15,1.9,4.71,1.383,245
2021-07-09,1.3,8.05,2.8,2,3.22,0.902,275
2021-07-10,1.2,14.23,4.84,3.66,6.37,2.274,276
2021-07-11,0.6,5.07,2.54,1.95,3.13,1.01,298
2021-07-12,2.15,5.75,3,2.52,3.88,0.945,226
2021-07-13,2.08,7.53,4.07,3.16,5.69,1.536,205
2021-07-14,3.13,82.05,5.6,4.82,8.44,6.18,224
2021-07-15,6.68,18.5,10.67,8.69,12.57,3.058,266
2021-07-16,1.1,53,2.4,1.79,5.69,5.54,233
2021-07-17,4.5,13.95,6.3,5.8,6.88,1.991,271
2021-07-18,1.4,13.45,3.03,1.8,6.15,2.942,238
2021-07-19,0.6,2.1,1.2,0.98,1.45,0.321,210
2021-07-20,1.1,6,1.8,1.5,3,0.84,231
2021-07-21,0.47,7.32,0.73,0.63,0.98,0.482,251
2021-07-22,1.1,4.05,2.35,1.92,2.8,0.658,210
2021-07-23,0.82,3.58,1.63,1.3,1.97,0.65,248
2021-07-24,1.3,4.4,2.72,2.27,3.15,0.652,247
2021-07-25,1.65,4.63,2.63,2.1,3.22,0.688,271
2021-07-26,1.75,6.57,3.66,3,4.84,1.131,276
2021-07-27,3.1,17.14,6.78,4.71,8.28,2.286,289
2021-07-28,3.03,14.25,9.99,8.3,11.25,2.341,298
2021-07-29,0.88,16.1,3.33,1.5,4.72,1.897,258
2021-07-30,0.73,3.13,1.17,1,1.52,0.393,209
2021-07-31,1.98,32.35,3.44,2.94,4.22,2.325,228
2021-08-01,1.33,5.8,2.29,1.8,3.25,0.796,219
2021-08-02,0.7,3.42,1.5,0.93,1.9,0.598,213
2021-08-03,0.5,1.8,0.88,0.77,1.05,0.236,225
2021-08-04,0.7,4.63,1.14,1,1.4,0.373,194
2021-08-05,0.7,2.35,1.33,1,1.6,0.381,227
2021-08-06,0.82,6.82,1.6,1.27,1.8,0.537,274
2021-08-07,0.7,8.32,2.04,1.83,2.47,0.687,268
2021-08-08,1.42,31.48,2.29,2,2.95,2.466,243
2021-08-09,1.6,29.58,2.54,2.17,4.13,2.189,198
2021-08-10,1.3,141.8,3.44,2.9,3.83,11.112,256
2021-08-11,2.29,85.4,3.63,3.15,4.13,9.484,203
2021-08-12,2.04,9.48,3.33,2.9,3.9,0.884,253
2021-08-13,2.88,15.75,4.95,4.13,5.71,1.277,441
2021-08-14,1.1,30.38,2.04,1.6,2.7,2.025,367
2021-08-15,0.32,57.15,1.3,0.98,1.8,3.395,382
2021-08-16,1.3,6.57,2.27,2,2.87,1.041,429
2021-08-17,1.1,10.23,2.57,1.9,3.78,1.421,446
2021-08-18,0.6,14.82,1.77,1.5,3.13,3.108,380
2021-08-19,0.4,82.57,0.9,0.73,1.45,4.529,447
2021-08-20,0.56,6.72,1.24,0.93,1.63,0.591,422
2021-08-21,0.47,5.4,0.88,0.7,1.2,0.537,456
2021-08-22,0.6,62.25,1.2,1.02,1.42,3.063,419
2021-08-23,0.8,5.7,1.5,1.2,1.9,0.546,452
2021-08-24,0.93,3.42,1.7,1.45,2,0.391,447
2021-08-25,0.4,8.15,1.2,0.7,2.47,1.109,435
2021-08-26,0.68,6.78,3.33,1.3,4.09,1.463,325
2021-08-27,1.88,5.9,3.5,2.83,4.57,0.978,346
2021-08-28,2.9,9.55,4.78,3.72,5.68,1.177,307
2021-08-29,3.4,7.4,4.88,4.51,5.2,0.538,333
2021-08-30,3.1,18.14,4.32,4,4.82,1.126,434
2021-08-31,1.35,6.72,2.4,2.13,3.53,1.494,446
2021-09-01,1,8.73,3.03,2.29,3.72,1.139,431
2021-09-02,0.7,9.73,1.99,1.3,4.46,2.416,428
2021-09-03,0.6,19.67,1.45,0.9,2.5,1.365,449
2021-09-04,0.6,15.32,1,0.88,1.49,1.808,445
2021-09-05,0.75,4.78,1.15,1,2.65,0.91,272
2021-09-06,1.27,4.09,2.35,2.12,2.5,0.48,293
2021-09-07,2.15,35.6,3.63,3.09,4.4,1.953,365
2021-09-08,1.8,113.07,3.58,2.6,5.7,6.378,457
2021-09-09,2.83,106.5,6.8,5.3,9.19,5.802,401
2021-09-10,3,11.98,6.35,5.09,7.7,1.731,451
2021-09-11,4.97,177.9,7.95,6.79,10.67,8.726,464
2021-09-12,0.8,145.8,5.05,3.4,8.32,9.045,458
2021-09-13,0.55,3.47,1.2,0.9,1.75,0.562,453
2021-09-14,0.95,26.65,1.5,1.27,2.04,1.454,459
2021-09-15,0.6,8.5,1.3,1,1.8,0.946,451
2021-09-16,1.05,4.7,1.73,1.42,2.15,0.695,453
2021-09-17,1.08,48.08,3.08,2.4,3.53,2.951,459
2021-09-18,1,6.28,1.87,1.4,2.38,0.615,462
2021-09-19,1.5,4.2,2.66,2.2,3.17,0.621,462
2021-09-20,1.6,29.83,3.4,2.8,4.2,1.562,460
2021-09-21,1.83,7.3,4.2,2.78,5.09,1.253,462
2021-09-22,1.27,6.6,2.92,2.35,4.43,1.185,458
2021-09-23,0.4,16.13,1.77,1,3.38,1.484,463
2021-09-24,0.4,5.88,0.9,0.7,1.2,0.725,461
2021-09-25,0.5,8.07,1.7,1.25,2.69,0.978,465
2021-09-26,0.43,24.98,1.2,0.8,1.85,1.697,462
2021-09-27,0.6,8.98,1.15,0.9,1.8,0.993,448
2021-09-28,1.6,6.78,2.52,2.08,3.7,1.179,463
2021-09-29,3.53,6.35,4.53,4.25,4.84,0.487,452
2021-09-30,1.1,9.52,5.15,3.43,6.38,2.011,452
2021-10-01,0.8,71.65,2.1,1.8,2.52,4.019,453
2021-10-02,1.9,29.4,5.15,3.42,9.69,3.81,456
2021-10-03,6.88,33.2,12.13,10.67,14.92,3.126,465
2021-10-04,8.68,18,13.15,11.6,14.79,1.927,460
2021-10-05,1.1,12.68,3.92,2.58,6.72,2.97,463
2021-10-06,1.1,14.93,2.8,1.8,7.17,3.229,461
2021-10-07,2.08,7.18,4.3,3.67,4.78,0.93,463
2021-10-08,1.45,6.88,3.4,2.9,5.47,1.435,457
2021-10-09,2.8,25.17,5.25,4.18,6.5,2.73,455
2021-10-10,3.3,27.95,5.45,4.43,8.63,3.262,464
2021-10-11,1,9.77,2.84,2.1,7.45,2.714,462
2021-10-12,0.52,3,0.9,0.8,1,0.199,461
2021-10-13,0.6,17.87,1,0.9,1.5,1.22,463
2021-10-14,0.68,3.22,1.45,1.1,1.8,0.435,460
2021-10-15,0.43,2.29,1.08,0.88,1.5,0.415,463
2021-10-16,0.6,43.2,1,0.9,1.12,2.727,463
2021-10-17,0.5,7.82,0.8,0.7,0.9,0.676,462
2021-10-18,0.5,3.4,0.96,0.8,1.7,0.723,450
2021-10-19,0.68,14.82,1.8,1.3,2.4,3.352,467
2021-10-20,0.9,4.34,1.77,1.52,2.2,0.693,448
2021-10-21,0.4,3.55,1.7,0.95,2,0.632,462
2021-10-22,0.43,37.79,0.77,0.6,0.97,3.157,457
2021-10-23,0.7,7.03,1.2,1.03,2.69,1.071,461
2021-10-24,0.77,4.47,1.8,1.43,2.29,0.582,461
2021-10-25,1.48,5.97,3.29,2.5,4.55,1.185,458
2021-10-26,0.98,11.13,4.26,1.91,6.92,2.829,456
2021-10-27,0.8,37.45,1.75,1.4,2.2,1.789,450
2021-10-28,1.02,5.95,1.98,1.6,2.94,0.988,441
2021-10-29,5.2,28.33,13.18,9,16.5,4.481,455
2021-10-30,9.5,28.25,19.92,15.59,24.08,4.597,465
2021-10-31,6.28,31.85,15.77,8.43,22.39,7.313,461
2021-11-01,5.95,24.75,14.35,11.93,19.23,4.519,439
2021-11-02,15.2,28.58,20.66,18.76,21.98,2.753,440
2021-11-03,1.52,24.15,17.02,11.38,20.27,6.168,432
2021-11-04,1,11.48,3.1,2.15,3.83,1.161,463
2021-11-05,0.85,77.88,1.3,1.1,1.57,4.075,463
2021-11-06,0.6,22.63,1.1,0.97,1.8,1.542,460
2021-11-07,0.5,71.06,0.9,0.77,1.1,3.556,455
2021-11-08,0.7,6.57,1.7,1.3,2.4,1.12,387
2021-11-09,0.8,10.3,1.6,1.23,2.2,1.026,446
2021-11-10,0.5,19.92,1.25,0.9,1.7,1.375,454
2021-11-11,0.55,3.17,1.65,1.33,1.88,0.438,438
2021-11-12,0.4,13.93,0.8,0.7,2.29,1.644,415
2021-11-13,1.1,10.68,2.37,1.8,3.07,1.012,459
2021-11-14,1,4.3,1.67,1.37,2.4,0.719,307
2021-11-17,1.7,5.43,2.99,2.6,3.9,0.822,226
2021-11-18,1.3,2.06,1.63,1.5,1.77,0.166,83
2021-11-19,0.45,32.38,1.63,1.3,2.16,1.961,425
2021-11-20,0.4,2.57,0.9,0.6,1.3,0.458,437
2021-11-21,0.6,2.63,1,0.9,1.23,0.321,459
2021-11-22,0.63,17,1.2,1.03,1.43,0.955,454
2021-11-23,0.7,10.7,1.3,1,1.57,0.645,459
2021-11-24,0.7,16.1,1.27,1,1.8,0.87,459
2021-11-25,0.6,3.2,1.1,0.9,1.45,0.377,460
2021-11-26,1.1,7.4,1.5,1.37,1.7,0.437,460
2021-11-27,0.8,29.77,1.3,1.1,1.47,1.393,454
2021-11-28,0.9,10.17,1.4,1.23,1.8,0.531,457
2021-11-29,1.3,3.5,1.8,1.7,2.06,0.331,454
2021-11-30,1.1,2.67,1.8,1.6,1.97,0.289,456
2021-12-01,1.1,3.63,2.13,1.8,2.5,0.451,437
2021-12-02,0.9,6.03,1.79,1.23,2.7,0.854,448
2021-12-03,1.6,3.7,2.4,2.1,2.7,0.416,196
2021-12-04,1.27,4.03,2.33,1.97,2.83,0.59,434
2021-12-05,1.1,2.4,1.6,1.5,1.8,0.211,444
2021-12-06,1.12,5.43,1.95,1.63,2.9,0.881,456
2021-12-07,1.83,9.07,3.13,2.8,4.23,1.374,450
2021-12-08,1.1,6.27,2.5,1.9,3.65,1.235,448
2021-12-09,1.12,4.57,2.06,1.9,2.29,0.445,446
2021-12-10,1.5,5.63,3.1,2.6,3.93,0.819,314
2021-12-11,0.6,16.89,8.68,2.73,12.07,4.538,260
2021-12-12,6.47,122.25,9.9,9.07,11.17,21.24,393
2021-12-13,107.23,180.87,113.92,109.97,132.63,23.122,8
2021-12-14,1.5,5.9,2.02,1.9,2.27,0.56,151
2021-12-15,0.87,14.37,1.8,1.5,2.1,0.869,451
2021-12-16,0.7,6.67,1.1,0.97,1.23,0.394,450
2021-12-17,0.7,33.79,1.4,1.12,1.65,2.413,444
2021-12-18,0.6,14.13,1.1,0.9,1.3,0.761,446
2021-12-19,0.5,2.57,0.9,0.8,1.03,0.217,451
2021-12-20,0.7,11.57,1.33,1.2,1.6,0.625,437
2021-12-21,0.9,45.9,2.2,1.4,3.4,3.108,450
2021-12-22,1.2,6.93,3.53,3,4.2,1.099,448
2021-12-23,1,3.27,1.87,1.6,2.2,0.414,431
2021-12-24,0.7,2.17,1.12,1,1.3,0.209,450
2021-12-25,0.8,2.27,1.2,1.1,1.5,0.263,431
2021-12-26,0.8,4.76,1.47,1.2,2.2,0.921,455
2021-12-27,1.4,6.17,2.6,2.2,3.37,0.867,461
2021-12-28,1.87,11.03,3.1,2.63,5.47,2.278,459
2021-12-29,9.17,23.08,16.43,12.9,17.57,2.765,449
2021-12-30,1.8,413.97,7.23,3.57,10.34,27.123,457
2021-12-31,1.2,45.83,2,1.63,2.77,2.632,458
2022-01-01,0.9,7.13,1.6,1.3,2.29,1.17,460
2022-01-02,0.6,7.5,2.29,1.2,3.5,1.258,461
2022-01-03,1.1,24.43,1.97,1.7,2.29,1.76,456
2022-01-04,0.8,56.77,1.5,1.3,1.73,5.83,463
2022-01-05,1.07,2.9,1.6,1.47,1.82,0.292,460
2022-01-06,0.83,6.23,1.27,1.1,1.4,0.341,461
2022-01-07,0.9,9.17,1.53,1.3,1.9,0.665,448
2022-01-08,0.7,13.13,4.03,1.17,6.3,2.598,451
2022-01-09,2.27,6.77,3.9,3.3,4.8,0.971,451
2022-01-10,2.63,6.5,4.47,4,4.9,0.669,453
2022-01-11,2.4,6.6,3.87,3.33,4.53,0.833,454
2022-01-12,1.3,10.9,2.97,2,7.63,2.964,455
2022-01-13,0.7,2.2,1.3,1.1,1.5,0.29,454
2022-01-14,0.5,1.5,0.87,0.7,1,0.169,445
2022-01-15,0.6,7.63,1.12,0.93,1.59,0.624,456
2022-01-16,0.6,32.57,1.3,1,1.77,1.643,459
2022-01-17,0.7,1.7,1,0.9,1.17,0.173,461
2022-01-18,0.77,16.37,1.3,1.1,1.43,0.741,455
2022-01-19,0.6,4,2.02,1.67,2.29,0.553,456
2022-01-20,0.6,1.67,1.07,0.93,1.2,0.167,457
2022-01-21,0.8,2.02,1.2,1.1,1.4,0.224,435
2022-01-22,0.9,13.57,1.6,1.37,2.29,1.396,447
2022-01-23,0.6,57.07,9.1,2.73,42.92,18.68,449
2022-01-24,0.87,88.77,1.8,1.4,2.83,11.233,451
2022-01-25,0.9,42.77,2,1.53,2.4,2.052,439
2022-01-26,0.9,3.93,2,1.5,2.93,0.75,401
2022-01-27,0.8,5.17,1.8,1.4,2.2,0.722,451
2022-01-28,0.7,5.37,1.2,1,1.4,0.337,456
2022-01-29,0.73,589.13,1.3,1.1,1.4,60.985,412
2022-01-30,1,2.33,1.2,1.1,1.3,0.22,43
2022-01-31,0.9,3.77,1.4,1.23,1.57,0.239,454
2022-02-01,1.17,3.4,1.9,1.65,2.27,0.436,433
2022-02-02,1.37,6,3.1,2.7,3.9,0.937,433
2022-02-03,1,5.4,3.2,2.49,3.93,1,432
2022-02-04,0.9,46.27,2.8,1.6,4.13,2.526,441
2022-02-05,1.03,3.43,1.7,1.5,2.13,0.484,450
2022-02-06,0.6,6.53,1.67,1.4,1.87,0.486,454
2022-02-07,0.7,2,1.1,1,1.4,0.271,451
2022-02-08,0.6,2.83,1.33,1.1,1.67,0.403,441
2022-02-09,0.73,3.53,1.6,1.27,2.13,0.604,430
2022-02-10,0.9,3.2,1.7,1.4,1.97,0.403,428
2022-02-11,0.73,3.9,1.3,1.1,1.59,0.33,441
2022-02-12,0.8,3.3,1.87,1.47,2.2,0.487,454
2022-02-13,1.8,5.47,2.7,2.47,3.13,0.716,463
2022-02-14,2.9,12.47,7.53,6.55,9.75,2.176,457
2022-02-15,1.1,12.13,5.7,2.27,6.93,2.54,459
2022-02-16,1.1,16.03,2.29,1.77,4.65,1.931,457
2022-02-17,0.5,2.87,1.1,0.93,1.3,0.379,455
2022-02-18,0.4,3.5,1.23,1,1.83,0.543,459
2022-02-19,0.7,3.03,1.6,1.3,1.9,0.457,455
2022-02-20,1,3.3,1.8,1.5,2.35,0.547,456
2022-02-21,0.5,4.13,1.1,0.9,1.47,0.471,459
2022-02-22,0.9,7.33,2.1,1.83,2.72,0.998,461
2022-02-23,1.17,4.59,2.47,1.83,2.87,0.722,291
2022-02-24,0.9,5.2,2.1,1.7,2.4,0.515,338
2022-02-25,0.8,4.4,1.7,1.4,2.27,0.719,461
2022-02-26,0.8,4.13,1.4,1.2,1.67,0.401,460
2022-02-27,0.9,2.6,1.4,1.2,1.6,0.289,461
2022-02-28,0.8,10.19,1.5,1.3,1.89,0.643,457
2022-03-01,1.37,11.9,3.3,2.35,4.25,2.558,460
2022-03-02,1.3,10.19,3.57,2.33,7.97,2.771,458
2022-03-03,0.7,6.8,1.2,1,1.4,0.397,455
2022-03-04,0.5,6.63,1.3,1.1,2.17,1.022,454
2022-03-05,0.8,4.59,1.37,1.17,1.9,0.805,455
2022-03-06,0.6,4.73,1.2,1,1.9,0.972,452
2022-03-07,0.7,5.53,1.3,1.1,1.53,0.694,461
2022-03-08,1.12,14.87,1.93,1.7,2.47,1.633,455
2022-03-09,1.33,4.87,2.83,2.04,3.37,0.804,460
2022-03-10,1,4.9,2.8,1.9,3.5,0.946,461
2022-03-11,2.43,9.8,5.3,3.87,6.23,1.456,459
2022-03-12,2.13,10.73,4.59,3.07,5.7,1.688,460
2022-03-13,0.8,12.73,7.87,3.03,10.5,3.792,451
2022-03-14,4.57,25.98,14.08,10.84,17.89,4.636,460
2022-03-15,10.19,28.92,18.17,15.43,20.93,4.061,459
2022-03-16,12.03,22.17,18.07,15.7,19.14,2.013,457
2022-03-17,4.26,18.23,9.61,7.33,13.23,3.548,458
2022-03-18,1.23,22.7,2.29,1.77,11.97,6.994,445
2022-03-19,0.88,8.43,1.8,1.38,2.37,0.943,461
2022-03-20,1.1,23.73,1.9,1.6,2.33,1.796,456
2022-03-21,6.93,19.13,12.43,8.89,14.17,3.046,445
2022-03-22,10.68,23.1,13.8,12.59,16.23,3.108,460
2022-03-23,3.5,19.2,5.43,4.65,8.9,4.189,450
2022-03-24,4.13,9.15,5.33,4.93,5.68,0.572,452
2022-03-25,0.73,9.82,6.3,2.42,8.02,2.786,457
2022-03-26,0.7,4.3,1.2,1,1.4,0.354,457
2022-03-27,0.6,5.8,1.27,1.1,1.44,0.369,453
2022-03-28,0.5,4.59,1.2,0.93,2.5,1.141,460
2022-03-29,0.8,4.83,1.27,1.1,1.47,0.421,456
2022-03-30,0.7,4.3,1.3,1.1,1.77,0.711,456
2022-03-31,0.8,6.4,2.13,1.37,2.8,0.921,458
2022-04-01,0.8,4.47,2.02,1.3,2.57,0.756,453
2022-04-02,0.8,24.4,1.85,1.3,2.5,1.332,442
2022-04-03,0.43,1.8,0.87,0.7,1,0.201,302
2022-04-06,1.1,2.02,1.5,1.4,1.63,0.201,147
2022-04-07,0.8,9.63,1.5,1.23,1.8,1.384,461
2022-04-08,0.7,5.17,1.2,1,1.6,0.98,457
2022-04-09,0.8,2.4,1.2,1.1,1.33,0.232,444
2022-04-10,0.47,1.88,0.8,0.7,1,0.2,440
2022-04-11,0.6,5.72,1.07,0.9,2.52,1.208,412
2022-04-12,0.6,5.63,1.5,1.05,1.9,0.815,461
2022-04-13,0.7,3.43,1.6,1.3,1.9,0.476,461
2022-04-14,1.1,8.52,4.53,3.13,6.4,1.884,460
2022-04-15,0.6,3.5,0.95,0.8,1.4,0.612,460
2022-04-16,0.4,2.25,1,0.9,1.12,0.231,459
2022-04-17,0.7,12.6,1.14,0.98,1.48,1.208,457
2022-04-18,0.9,6.8,1.7,1.5,2,0.612,452
2022-04-19,0.8,4.93,1.5,1.3,1.75,0.384,454
2022-04-20,1.38,4.05,2.1,1.83,2.5,0.48,448
2022-04-21,1.17,5.09,1.6,1.5,1.75,0.279,455
2022-04-22,0.8,3.1,1.42,1.2,1.8,0.385,458
2022-04-23,0.6,9.19,1.3,1.1,1.55,0.777,458
2022-04-24,0.9,3.83,1.87,1.35,2.38,0.679,460
2022-04-25,1.1,6.82,2,1.77,2.4,0.757,446
2022-04-26,0.6,4.5,0.9,0.8,1.1,0.425,446
2022-04-27,0.6,3.8,1,0.9,1.4,0.507,451
2022-04-28,0.55,11.93,1.2,0.9,1.7,0.852,449
2022-04-29,0.6,3.92,1,0.9,1.45,0.451,455
2022-04-30,0.7,5.2,1.5,1.23,2.67,1.202,458
2022-05-01,0.52,5.2,1.23,0.98,1.7,1.087,449
2022-05-02,0.45,3.45,1.3,1.1,1.52,0.398,435
2022-05-03,0.5,4.33,1.02,0.9,1.2,0.467,450
2022-05-04,0.7,4.93,1.2,1,1.6,0.544,460
2022-05-05,1.3,7.45,2.6,2.29,2.92,0.783,455
2022-05-06,1.2,6.18,2.54,2.15,3.03,0.787,451
2022-05-07,0.82,15.02,1.55,1.2,4.13,1.961,458
2022-05-08,0.6,2.83,1,0.9,1.12,0.203,457
2022-05-09,0.9,2.6,1.42,1.21,1.67,0.309,452
2022-05-10,1.1,10.32,2.67,1.8,3.9,1.418,447
2022-05-11,1.35,5.32,2.29,1.98,2.78,0.7,434
2022-05-12,0.6,7.97,1.5,1.1,2.33,0.919,444
2022-05-13,0.65,6.15,1.63,1.2,1.95,0.642,454
2022-05-14,0.6,5.38,1.5,1.2,1.73,0.446,455
2022-05-15,0.3,3.53,0.8,0.63,1,0.413,454
2022-05-16,0.5,8.55,1.04,0.85,1.42,0.937,452
2022-05-17,0.6,11.8,1.2,1,1.5,0.971,447
2022-05-18,0.9,5.75,1.5,1.3,1.9,0.647,455
2022-05-19,1.1,5.2,2.25,1.88,2.65,0.647,455
2022-05-20,1.63,12.1,3.33,2.44,4.09,1.145,449
2022-05-21,1.5,10.05,2.2,2,2.4,0.615,452
2022-05-22,1.23,4.55,2.1,1.8,2.58,0.485,446
2022-05-23,1.5,4.82,2.2,2,2.78,0.531,450
2022-05-24,1.5,5.6,2.54,2.22,3.05,0.723,452
2022-05-25,0.98,12.35,2.99,2.04,5.07,1.788,448
2022-05-26,0.7,5.45,1.33,1.1,1.6,0.582,450
2022-05-27,0.43,5.3,1.02,0.88,1.6,0.58,451
2022-05-28,0.9,7.6,2.2,1.7,2.83,0.839,455
2022-05-29,0.7,9.9,1.23,1.08,1.45,0.639,442
2022-05-30,0.6,3.2,1.5,1.27,1.8,0.438,428
2022-05-31,1.7,10.15,3.92,3.15,5,1.481,442
2022-06-01,1.2,3.8,2.17,1.7,2.75,0.599,450
2022-06-02,1.6,8.32,3.05,2.63,3.5,0.799,374
2022-06-03,1.75,18.38,3.88,3.1,4.9,1.578,390
2022-06-04,0.9,14.07,2.35,1.85,2.64,0.865,421
2022-06-05,0.5,10.35,1.73,0.9,2.29,0.969,447
2022-06-06,0.6,3.13,1,0.88,1.2,0.281,406
2022-06-07,0.9,4.8,2,1.5,3,0.861,451
2022-06-08,0.9,17,1.9,1.37,7.14,4.842,437
2022-06-09,1.8,12.57,2.47,2.2,2.83,0.937,445
2022-06-10,2,15.13,3.4,2.8,4.68,1.747,446
2022-06-11,1.58,40.63,2.7,2.42,3.03,2.697,442
2022-06-12,0.9,3.9,2,1.7,2.47,0.504,448
2022-06-13,0.8,5.15,2,1.55,2.35,0.568,446
2022-06-14,0.75,19.63,1.4,1.17,1.89,1.495,437
2022-06-15,0.77,7.53,1.52,1.1,2.25,1.286,449
2022-06-16,0.6,8.69,1.9,1.33,2.6,1.081,446
2022-06-17,0.4,3.63,1.59,1.1,2.29,0.76,398
2022-06-18,1.1,11.45,2.66,1.7,6.5,2.895,450
2022-06-19,0.45,20.07,0.95,0.8,1.2,1.266,436
2022-06-20,0.7,19.02,1.7,1.35,2.37,1.264,436
2022-06-21,1.6,5.22,2.45,2.22,2.9,0.711,433
2022-06-22,1.3,6.22,2.9,2.42,4.4,1.132,433
2022-06-23,1.4,5.68,2.6,2.13,3.28,0.843,414
2022-06-24,1.1,7.03,2.8,2.02,3.88,1.351,457
2022-06-25,2.38,11.9,3.5,3.17,4.86,1.724,460
2022-06-26,2.83,10.13,4.59,4.04,5.87,1.167,461
2022-06-27,3.78,9.9,5.25,4.7,6.63,1.26,455
2022-06-28,1.23,10.75,6.13,3.73,7.07,2.504,456
2022-06-29,1.33,15.95,4.7,3.42,8.32,3.253,455
2022-06-30,6.53,30.83,15.7,10.47,19.32,6.064,461
2022-07-01,4.43,16.88,8.5,7.32,10.85,2.419,458
2022-07-02,0.75,20.27,1.7,1.33,8.68,5.387,462
2022-07-03,0.8,8.18,1.5,1.2,2,0.757,457
2022-07-04,1.08,6.32,1.98,1.7,2.29,0.529,451
2022-07-05,0.6,3.3,1.2,1,1.3,0.311,453
2022-07-06,0.7,6.18,1.38,1.17,1.6,0.432,462
2022-07-07,0.7,9.13,1.27,1.1,1.5,0.695,305
2022-07-08,0.7,4.9,1.5,1.12,2,0.708,456
2022-07-09,0.32,11.48,1.1,0.8,1.33,0.95,459
2022-07-10,0.2,11.3,0.79,0.5,1.12,0.799,454
2022-07-11,0.4,8.5,1.17,0.9,1.69,1.229,452
2022-07-12,0.7,5.32,1.26,1,1.7,0.699,460
2022-07-13,1.2,5.13,2.15,1.9,2.6,0.572,419
2022-07-14,0.45,6.2,1,0.8,1.4,0.927,452
2022-07-15,0.3,10.25,0.73,0.6,0.9,0.768,453
2022-07-16,0.3,8.27,0.6,0.5,0.8,0.762,462
2022-07-17,0.2,96.85,0.6,0.5,0.8,4.95,464
2022-07-18,0.7,8.35,2.58,1.79,3.6,1.662,461
2022-07-19,0.7,7.6,2.27,1.4,6.05,2.265,458
2022-07-20,1.65,7.75,4.3,3.58,5.07,1.277,462
2022-07-21,2.92,10,6.15,5.53,6.8,1.149,459
2022-07-22,4.75,14.98,8.68,8.01,9.25,1.368,457
2022-07-23,0.8,10.75,1.44,1.17,1.9,2.406,458
2022-07-24,0.9,3.1,1.35,1.12,1.92,0.527,458
2022-07-25,2.25,6.85,3.8,3.22,4.3,0.906,462
2022-07-26,0.8,8.1,2.7,1.54,5.82,2.194,461
2022-07-27,0.4,15.68,1.35,0.8,1.75,0.991,459
2022-07-28,0.43,36.33,0.8,0.7,0.9,2.094,455
2022-07-29,0.5,5.2,1,0.8,1.73,0.882,456
2022-07-30,0.77,4.53,1.3,1.14,1.5,0.409,450
2022-07-31,0.68,2.13,1.08,0.98,1.2,0.186,454
2022-08-01,0.9,3.33,1.35,1.2,1.5,0.339,419
2022-08-02,0.5,12.15,1.67,1.2,2.2,0.984,431
2022-08-03,1,5.13,1.67,1.4,2.7,0.845,450
2022-08-04,1.4,10.8,2.8,1.9,4.05,2.521,429
2022-08-05,0.8,31.63,6.32,4.15,10.8,3.941,441
2022-08-06,0.45,4.5,1.08,0.8,1.4,0.483,435
2022-08-07,0.55,12.43,1.45,1.2,1.8,0.903,420
2022-08-08,1.05,7.32,3.22,2,4.25,1.628,425
2022-08-09,1.3,11.27,2,1.7,3.15,1.053,443
2022-08-10,1.3,5.28,2.17,1.9,2.45,0.505,440
2022-08-11,1.17,5.82,2.13,1.8,2.47,0.731,422
2022-08-12,1.88,10.93,2.5,2.29,2.87,1.012,444
2022-08-13,1.35,11.75,2.22,1.94,3.13,1.756,448
2022-08-14,0.95,5.5,2.12,1.67,2.7,0.997,446
2022-08-15,3.8,12.95,6.5,5.3,8.53,2.244,433
2022-08-16,7.5,14.25,10.8,9.63,11.93,1.466,451
2022-08-17,6.15,27.17,13.83,9.6,18.3,4.717,434
2022-08-18,6.2,24.73,11.6,9.18,15.48,4.898,440
2022-08-19,5.09,21.23,10.95,6.93,14.82,4.868,459
2022-08-20,1.1,54.28,9.23,7.38,11.75,4.782,447
2022-08-21,0.98,17.67,1.8,1.6,2,0.852,453
2022-08-22,0.85,7.13,1.9,1.4,2.25,0.962,416
2022-08-23,0.85,9.52,2.15,1.38,2.67,1.078,444
2022-08-24,0.7,14.82,1.26,1,1.67,2.057,438
2022-08-25,0.6,6.9,1.55,1.1,2.7,1.285,428
2022-08-26,1.67,8.9,2.63,2.2,3.28,1.785,453
2022-08-27,2.63,16.38,8.93,7.75,9.63,1.848,458
2022-08-28,0.7,5.22,1.6,1.14,2.04,0.617,453
2022-08-29,0.4,5.13,0.98,0.8,1.2,0.417,453
2022-08-30,0.4,2.5,0.88,0.73,1,0.234,453
2022-08-31,0.52,4.53,1,0.8,1.14,0.361,445
2022-09-01,0.43,3.35,0.92,0.8,1.1,0.307,446
2022-09-02,0.4,5.4,0.8,0.7,1.34,0.582,441
2022-09-03,0.47,19.55,1.27,0.8,1.63,1.027,440
2022-09-04,0.4,2.4,1.1,0.8,1.54,0.467,384
2022-09-05,0.6,2.92,1.2,0.9,1.77,0.541,398
2022-09-06,0.8,8.85,1.6,1.23,2.1,0.968,451
2022-09-07,0.3,9.4,0.8,0.63,1.3,0.649,447
2022-09-08,0.7,6.1,1.08,0.9,1.34,0.447,412
2022-09-09,0.6,32.04,1.1,0.93,1.4,2.868,453
2022-09-10,1.12,5.6,2.1,1.75,2.5,0.543,446
2022-09-11,1.4,13.57,2.2,1.9,2.85,1.091,454
2022-09-12,1.63,8.5,2.22,2.04,3.7,1.037,417
2022-09-13,0.7,4.57,2.1,1.83,2.38,0.542,450
2022-09-14,0.6,7.93,1.08,0.9,1.3,0.974,452
2022-09-15,0.45,25.25,0.9,0.7,1.23,2.474,453
2022-09-16,0.5,13.43,1.17,0.8,1.5,0.919,454
2022-09-17,0.5,7.3,1,0.8,1.45,0.588,451
2022-09-18,0.5,12.52,1.12,0.9,1.5,1.257,450
2022-09-19,0.5,3.13,0.88,0.77,1,0.256,447
2022-09-20,0.6,3.85,1.02,0.9,1.2,0.329,440
2022-09-21,0.38,4.5,1.2,0.95,1.6,0.572,449
2022-09-22,0.7,20.9,1.5,1.19,1.9,1.174,444
2022-09-23,1,9.55,2.02,1.6,3.15,1.383,455
2022-09-24,1.2,20.88,2.9,2.33,3.28,2.07,455
2022-09-25,1.2,6.85,3.33,1.9,4.21,1.354,457
2022-09-26,1.6,7.15,2.88,2.29,3.45,0.869,441
2022-09-27,1.14,28.88,7.22,1.6,8.73,3.993,443
2022-09-28,0.85,10.75,2.27,1.65,2.89,1.708,441
2022-09-29,0.93,8.85,1.98,1.63,2.29,0.655,440
2022-09-30,1.2,5,1.9,1.6,2.4,0.685,443
2022-10-01,1.8,12.93,3.38,2.66,6.6,3.031,452
2022-10-02,2.9,14.38,11.09,8.02,12.13,3.062,396
2022-10-03,1.4,13.75,9.85,4.97,11.77,3.626,387
2022-10-04,0.63,4.43,1.48,1.2,2,0.525,400
2022-10-05,1.4,4.45,2.42,2.04,3.3,0.734,415
2022-10-06,0.6,3.9,1.67,1.2,2.5,0.817,453
2022-10-07,1.42,20.27,2.7,2.2,3.22,1.114,451
2022-10-08,0.8,2.97,1.55,1.35,1.77,0.339,458
2022-10-09,0.6,20.23,1.1,0.93,1.3,2.066,461
2022-10-10,1,5.47,1.9,1.55,2.7,1.198,453
2022-10-11,0.5,14.77,1.5,1.12,2.65,2.004,454
2022-10-12,0.6,8.98,1.5,1.17,1.85,0.721,454
2022-10-13,1.35,7.88,2.75,2.22,3.7,1.421,459
2022-10-14,5.45,13.4,8.4,7.43,9.22,1.5,449
2022-10-15,3.6,34.15,17.79,14.6,22.8,7.914,454
2022-10-16,0.7,12.85,2.58,1.4,7.44,3.741,365
2022-10-17,0.7,4.59,1.7,1.4,2.16,0.602,452
2022-10-18,0.6,2.35,1.1,0.92,1.3,0.322,328
2022-10-21,0.77,51.05,2.3,1.41,4.05,2.703,452
2022-10-22,2.27,18.92,5,3.22,9.61,5.119,460
2022-10-23,1.1,5.57,4,2.79,4.59,1.131,456
2022-10-24,0.7,4.03,1.64,1.1,2.35,0.732,454
2022-10-25,0.65,13.65,3.38,2.27,9.43,3.896,455
2022-10-26,0.5,7.65,1.1,0.8,1.8,0.716,451
2022-10-27,1.7,9.6,3.65,2.9,4.34,1.388,455
2022-10-28,0.9,41,4.48,3.8,6.82,3.619,446
2022-10-29,0.6,8.25,1.4,1.1,1.9,1.949,454
2022-10-30,0.65,5.63,1.05,0.9,2.75,1.255,449
2022-10-31,2.4,14,5.25,3.94,6.82,1.967,449
2022-11-01,1.92,6.6,3.05,2.67,3.7,0.972,454
2022-11-02,3.47,8.73,5.5,4.9,6.2,0.995,451
2022-11-03,1.65,6,3.08,2.47,3.88,0.824,443
2022-11-04,1.35,5.25,2.13,1.9,2.76,0.758,452
2022-11-05,1.2,5.2,2.72,2.29,3.33,0.791,446
2022-11-06,0.9,4.3,2.45,1.5,2.72,0.739,452
2022-11-07,0.7,6.38,4.09,3.13,4.8,1.404,459
2022-11-08,0.5,5.68,1.42,0.9,3.65,1.461,452
2022-11-09,2.7,19.14,4.57,3.72,5.28,2.087,426
2022-11-10,1.4,5.09,2.9,2.29,3.4,0.784,407
2022-11-11,0.9,4.84,1.8,1.32,2.25,0.564,413
2022-11-12,1.5,4.22,2.41,2.13,2.8,0.487,412
2022-11-13,1.5,5.75,2.83,2.1,3.7,0.973,419
2022-11-14,0.8,6.7,3.33,2.29,4.7,1.5,414
2022-11-15,0.7,2.7,1.17,1,1.4,0.32,436
2022-11-16,0.6,7.87,1.2,0.9,1.6,0.551,448
2022-11-17,0.6,6.17,1.4,1.2,1.8,0.657,457
2022-11-18,0.7,7.13,1.2,1,1.4,0.529,448
2022-11-19,0.8,6,1.8,1.1,2.7,0.946,448
2022-11-20,0.9,4.63,1.7,1.43,2.13,0.649,268
2022-11-21,1.63,10.83,4.59,3.39,6.2,1.821,452
2022-11-22,2.87,11.3,5.87,5.03,6.87,1.336,448
2022-11-23,1.3,8.5,2.33,1.89,3,0.815,449
2022-11-24,1.4,5.8,2.8,2,4.26,1.192,450
2022-11-25,1.17,8.36,2.7,1.7,4.19,1.641,453
2022-11-26,1.9,26.4,4.8,3.9,5.4,1.635,453
2022-11-27,2.7,8.13,5.43,4.42,5.92,1.119,457
2022-11-28,2.4,21.5,5.47,4,8,2.671,448
2022-11-29,2.29,8.97,4.09,3.2,5.9,1.466,435
2022-11-30,3.17,13.5,5.33,4.43,6.5,1.558,455
2022-12-01,2.47,8.86,4.4,3.7,5.3,1.027,416
2022-12-02,2.06,21.13,8.8,5.59,10.7,3.077,457
2022-12-03,2.06,8.4,3.4,2.83,4.88,1.676,456
2022-12-04,2.47,18.93,3.87,3.23,4.57,1.285,450
2022-12-05,2.1,5.67,3.8,3.43,4.2,0.548,454
2022-12-06,1.8,32.53,2.7,2.4,3.2,2.044,454
2022-12-07,1.2,9.5,2.02,1.83,2.35,0.645,449
2022-12-08,1.1,19.43,2.13,1.5,4.34,1.933,452
2022-12-09,2.5,25.07,5.17,3.8,6.23,3.104,457
2022-12-10,2.3,15.87,3.4,3.03,4.33,1.445,459
2022-12-11,2.3,6.93,3.67,3.4,4,0.625,458
2022-12-12,1.2,6.2,2.87,1.9,3.59,0.939,444
2022-12-13,0.9,3.7,1.8,1.53,2.02,0.423,448
2022-12-14,1.6,11.47,2.9,2.4,3.47,0.823,447
2022-12-15,1.83,8.63,4.13,2.77,4.87,1.386,450
2022-12-16,2.4,10.1,4.7,4.09,6.77,1.731,423
2022-12-17,1,9.8,3.3,2.27,5.5,2.108,434
2022-12-18,1.3,8.93,6.47,2.23,7.53,2.523,442
2022-12-19,1.53,13.73,8.72,4.9,10.27,3.449,450
2022-12-20,2.02,15.73,6.97,5.5,9.57,3.59,446
2022-12-21,0.8,8.4,3.13,2.37,3.73,1.623,446
2022-12-22,1.3,7.13,2.57,2,5.3,1.711,446
2022-12-23,0.5,6.5,1.67,1.1,3.43,1.694,335
2022-12-24,1.1,8.93,2.42,1.47,4.09,1.741,408
2022-12-25,1.9,7.87,3.42,2.63,4.47,1.439,414
2022-12-26,0.93,15.2,5.07,3.6,8.5,3.54,355
2022-12-27,0.7,7.8,1.37,1.02,1.77,0.593,441
2022-12-28,0.7,11.43,1.97,1.1,2.83,1.582,405
2022-12-29,1.4,8.43,3.7,2.7,4.53,1.269,448
2022-12-30,1,7.5,1.87,1.43,2.23,0.762,375
2022-12-31,1.3,48.7,2.83,2.27,3.43,4.404,444
2023-01-01,1.5,30.9,3.07,2.67,4.05,5.454,437
2023-01-02,0.9,18.13,5.4,1.6,7,3.066,451
2023-01-03,0.7,4.9,1.3,1.1,1.5,0.728,374
2023-01-04,0.73,5.57,1.7,1.3,2.23,0.753,407
2023-01-05,0.9,13.1,2.4,1.82,2.8,1.105,448
2023-01-06,1.07,4.2,2,1.8,2.4,0.626,442
2023-01-07,1.8,16.67,5.33,3.9,11.13,3.913,447
2023-01-08,1.3,26.43,7.62,4.23,17.8,7.782,454
2023-01-09,3.87,36.17,11.39,7.87,14.43,4.62,438
2023-01-10,1.3,6.57,3.3,2.27,4.97,1.454,447
2023-01-11,1.2,4.7,2.27,1.9,2.8,0.652,448
2023-01-12,1.3,5.8,2.83,2.38,3.23,0.854,449
2023-01-13,0.9,6.4,2.9,2.1,3.97,1.18,411
2023-01-14,0.7,5,2.1,1.67,2.6,0.856,447
2023-01-15,0.7,4.3,1.77,1.3,2.1,0.626,395
2023-01-16,0.5,4.17,1.12,0.7,2.04,0.803,441
2023-01-17,1.1,16.5,3.03,2.4,4.5,3.787,450
2023-01-18,0.6,7.5,1.5,1.12,2.1,0.954,385
2023-01-19,1.53,9.47,3.2,2.33,3.9,1.22,452
2023-01-20,2,16.6,4.69,2.8,8.4,4.196,456
2023-01-21,4.2,18.39,6.77,5.8,8.15,1.821,449
2023-01-22,3.03,10.87,6.3,4.76,7.93,1.885,454
2023-01-23,2.6,8.5,4,3.57,4.42,0.737,392
2023-01-24,2.5,7.97,4.59,3.7,5.3,1.275,451
2023-01-25,0.9,4.87,2.57,1.9,3.13,0.92,426
2023-01-26,0.7,7.43,1.67,1.2,3.97,1.735,450
2023-01-27,0.8,8.33,1.3,1.1,2.2,1.17,377
2023-01-28,0.77,53.57,1.6,1.23,2.2,4.752,454
2023-01-29,1,39.67,1.87,1.5,2.29,2.53,449
2023-01-30,0.5,3.2,0.9,0.7,1.1,0.267,448
2023-01-31,0.5,3.93,1.1,0.8,2.29,0.826,433
2023-02-01,0.97,4.8,2.67,1.97,3.37,0.816,450
2023-02-02,0.67,10.27,1.37,1.1,1.53,0.954,449
2023-02-03,0.9,6.23,2.57,1.62,3.19,1.046,344
2023-02-04,0.93,6.93,1.73,1.37,2.7,1.188,459
2023-02-05,0.8,5.27,1.6,1.2,2.22,0.653,424
2023-02-06,1.1,9.69,1.9,1.5,3.07,1.204,385
2023-02-07,2.73,7.73,4.3,3.77,5.47,1.111,406
2023-02-08,2.57,10.83,5.09,4,6.37,1.8,361
2023-02-09,0.4,9.63,5.49,3.5,6.77,2.267,396
2023-02-10,0.4,3.9,0.9,0.7,1.3,0.464,418
2023-02-11,0.8,11.73,1.73,1.47,2.17,1.016,385
2023-02-12,1,4.07,2.2,1.6,2.7,0.671,446
2023-02-13,0.8,2,1.23,1.12,1.4,0.184,353
2023-02-14,0.97,8.83,1.8,1.43,2.54,2.344,393
2023-02-15,3.93,11.73,6.47,5.4,8.07,1.665,363
2023-02-16,4.67,19.07,10.27,7.6,13.9,3.587,383
2023-02-17,1.6,20.57,7.67,6.29,10.02,3.496,340
2023-02-18,0.5,5.6,0.93,0.7,1.3,0.838,447
2023-02-19,0.53,3.5,0.9,0.73,1.07,0.336,386
2023-02-20,0.6,7.4,1,0.9,1.2,0.64,449
2023-02-21,0.97,5.47,3.4,2.87,4.13,0.995,446
2023-02-22,2.43,7.23,4.2,3.4,4.9,1.054,369
2023-02-23,1.8,10.43,3.37,2.97,4.15,1.218,345
2023-02-24,0.83,13.23,2,1.57,3.4,1.25,450
2023-02-25,0.7,7.1,1.57,1.17,1.9,0.663,380
2023-02-26,0.8,6.2,1.5,1.1,2.2,0.893,453
2023-02-27,0.6,3.37,1.5,1.12,1.89,0.563,453
2023-02-28,0.6,7.63,0.93,0.8,1.1,0.615,379
2023-03-01,0.56,4.17,1,0.9,1.1,0.308,451
2023-03-02,0.6,3.2,1.03,0.8,1.3,0.374,456
2023-03-03,0.6,6.8,1.17,1,1.4,0.429,437
2023-03-04,0.56,5.23,0.93,0.8,1.1,0.34,458
2023-03-05,0.7,7.43,1.03,0.9,1.27,0.541,456
2023-03-06,0.9,3.47,1.3,1.17,1.5,0.295,433
2023-03-07,0.6,6.43,2.38,1.2,3.7,1.451,452
2023-03-08,1,9.93,2,1.8,2.3,0.798,456
2023-03-09,0.6,4.4,1.9,1.14,3.1,1.018,400
2023-03-10,1,6.13,1.87,1.5,2.8,1.16,456
2023-03-11,1.2,10.73,2.8,2.2,4.5,1.467,457
2023-03-12,0.6,8.23,1.2,1,1.7,0.651,455
2023-03-13,0.9,9.07,1.4,1.2,1.8,0.821,453
2023-03-14,0.52,5.5,1.2,1,1.8,0.63,322
2023-03-15,0.7,8.02,1.03,0.9,1.2,0.506,456
2023-03-16,0.9,6.7,1.8,1.33,2.5,0.99,454
2023-03-17,1.1,8.47,1.93,1.5,4.51,2.234,457
2023-03-18,7.23,21.9,13.03,11.67,16.7,3.605,379
2023-03-19,1.2,17.2,8.52,5.63,10.37,3.712,451
2023-03-20,0.5,11.1,2.9,1.07,7.63,3.469,451
2023-03-21,0.68,9.33,2.87,1.4,3.65,1.552,453
2023-03-22,1.05,8.13,3.19,2.1,4.97,1.665,446
2023-03-23,1.2,14.9,2.7,2.33,3.03,1.462,453
2023-03-24,0.4,6.93,2.2,1.23,2.83,1.115,450
2023-03-25,0.5,19.2,1.9,1.5,2.37,1.097,451
2023-03-26,1.1,5.27,1.57,1.4,1.73,0.345,415
2023-03-27,0.97,11.13,1.72,1.5,1.93,0.707,422
2023-03-28,0.9,3.33,1.4,1.27,1.5,0.257,293
2023-03-29,0.83,2.93,1.5,1.2,1.9,0.433,311
2023-03-30,1,3.7,1.5,1.4,1.7,0.347,430
2023-03-31,1.1,5.07,1.6,1.4,1.8,0.46,444
2023-04-01,0.56,3.3,1.4,1.2,1.6,0.382,419
2023-04-02,0.6,5.33,1.4,1.27,1.6,0.375,446
2023-04-03,0.8,5.09,1.43,1.2,1.67,0.494,451
2023-04-04,1,4.3,1.53,1.33,1.83,0.465,457
2023-04-05,0.97,9.19,1.9,1.53,2.93,0.916,456
2023-04-06,1.57,4.8,2.7,2.2,3.33,0.75,437
2023-04-07,1.3,7.33,2.7,2.2,4.4,1.39,448
2023-04-08,0.93,4.33,1.63,1.4,2,0.633,393
2023-04-09,0.9,5.07,2,1.46,2.29,0.927,296
2023-04-10,0.8,9.86,2.5,1.35,3.8,1.426,281
2023-04-11,2.17,10.93,6.27,3.67,7.8,2.245,459
2023-04-12,6.8,15.57,9.47,8.24,10.43,1.85,460
2023-04-13,3.7,9.82,5.27,4.76,6.62,1.369,460
2023-04-14,3,18.17,4.13,3.8,4.57,1.094,462
2023-04-15,2.29,5.45,3.33,3.03,3.63,0.475,462
2023-04-16,2.27,6.9,3.15,2.9,3.53,0.521,461
2023-04-17,1.52,6.2,2.46,2.17,3,0.6,462
2023-04-18,0.6,2.7,1.1,0.9,1.85,0.516,461
2023-04-19,0.7,2.63,1.1,1,1.3,0.297,378
2023-04-20,0.9,11.4,1.51,1.25,3.29,1.831,464
2023-04-21,1,15.27,1.92,1.52,4.12,1.61,325
2023-04-22,2.1,2.6,2.35,2.1,2.6,0.25,2
2023-04-23,1.6,2.35,2.1,1.95,2.17,0.202,11
2023-04-24,2.5,4.33,3.23,3,3.47,0.386,122
2023-04-25,1.07,11.98,4.63,2.6,7.37,2.68,459
2023-04-26,0.5,12,1.2,0.96,2.85,3.134,460
2023-04-27,0.6,9.3,1.1,1,1.3,0.593,463
2023-04-28,0.6,3.85,1,0.9,1.3,0.492,320
2023-04-29,0.7,4.38,1.55,1.2,2,0.655,458
2023-04-30,0.6,5.22,1.02,0.9,1.27,0.756,342
2023-05-01,1.45,9.3,2.54,2.15,4.68,1.56,456
2023-05-02,0.56,3.4,1.27,0.9,1.6,0.519,457
2023-05-03,0.7,2.87,1.2,1.1,1.45,0.38,332
2023-05-04,0.8,5.75,1.5,1.2,1.95,0.597,460
2023-05-05,1,4.83,2.06,1.5,2.6,0.841,331
2023-05-06,1,6.57,1.8,1.4,2.5,0.751,461
2023-05-07,1.12,3.2,1.77,1.5,2.4,0.489,360
2023-05-08,1.3,6.13,2.25,2.02,2.52,0.51,458
2023-05-09,1.83,17.52,3.4,2.92,3.88,1.046,461
2023-05-10,2.22,6.9,3.65,3,4.72,1.195,459
2023-05-11,2.4,5.25,3.1,2.88,3.4,0.478,451
2023-05-12,2.27,6.8,3.33,2.85,4.05,0.873,463
2023-05-13,2.27,22.7,3.7,3.05,4.5,1.594,462
2023-05-14,2.4,27.58,3.85,3.2,5.57,1.712,458
2023-05-15,2.7,9.23,4.32,3.33,5.3,1.088,463
2023-05-16,2.45,9.44,6.1,5.5,7.1,1.308,369
2023-05-17,0.6,6.8,1.3,0.9,3.72,1.942,450
2023-05-18,0.7,4.9,1.1,1,1.52,0.524,462
2023-05-19,0.9,4.09,1.65,1.33,2,0.496,462
2023-05-20,1,2.63,1.5,1.3,1.8,0.355,464
2023-05-21,1.2,44.28,2.02,1.8,2.29,2.149,460
2023-05-22,1.6,10.93,2.58,2.22,3.4,1.661,433
2023-05-23,1.77,8.1,2.67,2.29,3.4,1.064,459
2023-05-24,2.4,9.18,3.7,3.3,4.84,1.247,462
2023-05-25,1,4.7,1.92,1.55,2.42,0.662,418
2023-05-26,0.65,3.45,1.5,1.1,2.08,0.542,346
2023-05-27,0.65,5.18,1.38,1.12,1.75,0.479,371
2023-05-28,1,9.6,2.45,1.85,3.07,1.086,388
2023-05-29,0.7,8.69,1.25,1.1,1.48,0.544,389
2023-05-30,1,5.2,1.77,1.6,1.95,0.466,463
2023-05-31,0.7,6.1,1.38,1.14,1.7,0.495,287
2023-06-01,0.5,167.38,1.2,1,1.4,7.858,456
2023-06-02,0.5,2.42,1.1,0.8,1.35,0.373,266
2023-06-03,0.75,5.3,1.25,1.1,1.5,0.396,376
2023-06-04,0.5,3.3,0.9,0.8,1.14,0.349,458
2023-06-05,0.9,18.13,1.63,1.3,2.38,1.244,455
2023-06-06,1.1,9.77,2.8,2.45,3.3,1.205,254
2023-06-07,0.9,6.93,1.42,1.27,1.7,0.62,167
2023-06-08,0.82,4.45,1.74,1.38,2.4,0.618,356
2023-06-09,0.43,3.4,1.02,0.85,1.3,0.357,451
2023-06-10,0.6,3,1,0.9,1.35,0.463,459
2023-06-11,0.85,5.57,1.7,1.3,2,0.516,436
2023-06-12,1.17,4.63,2,1.72,2.49,0.546,460
2023-06-13,1.77,13.2,2.8,2.38,3.55,1.556,459
2023-06-14,2.58,14.85,3.7,3.4,4.05,1.296,441
2023-06-15,2.1,11.18,4.18,3.64,5.32,1.572,461
2023-06-16,3.13,15.52,6.3,4.51,8.14,2.311,464
2023-06-17,4.53,11.4,6.72,5.72,7.32,1.032,459
2023-06-18,6.6,29.95,10.48,8.75,12.39,2.386,465
2023-06-19,6.4,28.02,12.27,9.55,15.13,3.399,303
2023-06-20,3.92,68.53,7.22,6.35,7.93,3.129,459
2023-06-21,5.2,20.52,7.57,6.72,8.69,1.505,463
2023-06-22,2.2,21.83,3.41,2.88,7.04,2.74,464
2023-06-23,2,18.5,3.8,3.2,4.38,1.082,462
2023-06-24,1.1,4.72,2,1.55,2.6,0.816,464
2023-06-25,1.3,11.25,2.63,2.13,3.53,1.09,465
2023-06-26,1.2,5.45,2.5,1.9,3.38,0.84,409
2023-06-27,1.9,13.85,3.21,2.8,5.2,1.803,462
2023-06-28,3.3,11.32,4.67,4.09,5.63,1.275,466
2023-06-29,2.27,14.52,4.68,4,5.2,1.306,418
2023-06-30,1.23,8.85,3.67,3.01,4.34,1.221,449
2023-07-01,1.4,5.88,2.9,2.54,3.35,0.857,311
2023-07-02,1.48,9.9,2.95,2.6,3.38,0.943,463
2023-07-03,0.9,6.3,1.95,1.58,2.45,0.562,463
2023-07-04,0.9,6.3,1.8,1.55,2.1,0.479,350
2023-07-05,1.4,6.1,2.71,2.29,3.47,0.761,452
2023-07-06,1,6.95,2.8,2.04,3.59,1.39,233
2023-07-07,1.23,10.82,2.1,1.83,2.33,0.652,458
2023-07-08,1.6,11.35,3.15,2.5,3.6,1.043,290
2023-07-09,0.9,5.93,2.5,1.97,3,0.85,305
2023-07-10,1.23,4.38,1.7,1.55,1.9,0.398,300
2023-07-11,1.63,3.65,2.4,2.02,3,0.521,458
2023-07-12,2.1,5.65,2.9,2.6,3.25,0.572,462
2023-07-13,1.14,5.13,1.95,1.7,2.63,0.652,462
2023-07-14,1,4.2,2.08,1.7,2.45,0.464,461
2023-07-15,1.1,6.45,1.77,1.5,2.02,0.642,275
2023-07-16,1.95,3.6,2.45,2.25,2.63,0.301,87
2023-07-17,1.1,4.2,2.42,1.75,3.2,0.814,314
2023-07-18,0.68,2.8,1.3,1.1,1.55,0.358,468
2023-07-19,0.56,4.03,1.35,1.1,1.77,0.424,380
2023-07-20,0.9,2.97,1.42,1.27,1.7,0.367,460
2023-07-21,0.5,17.95,1.52,1.3,1.79,0.879,465
2023-07-22,0.8,18.25,1.42,1.2,1.77,1.343,467
2023-07-23,0.95,2.7,1.5,1.39,1.7,0.281,465
2023-07-24,0.7,8.15,1.7,1.3,3.05,1.745,468
2023-07-25,0.8,11.38,3,1.97,8.07,3.24,465
2023-07-26,0.8,3.97,1.7,1.4,2,0.441,467
2023-07-27,0.7,4.3,1.5,1.15,1.91,0.614,464
2023-07-28,0.9,5.28,1.6,1.3,2,0.506,466
2023-07-29,1.05,24.05,1.7,1.5,2.29,1.383,466
2023-07-30,1.5,8.65,3.76,2.92,4.47,1.19,468
2023-07-31,1.65,138.47,3.25,2.5,6.43,6.648,467
2023-08-01,1,3.88,1.8,1.5,2.33,0.508,468
2023-08-02,1,3.88,1.9,1.6,2.33,0.561,463
2023-08-03,1.63,6.85,3.67,2.95,4.3,1.079,458
2023-08-04,1,5.32,2.5,2.02,3.2,0.839,467
2023-08-05,1.8,13.68,3.58,3.07,4,0.881,468
2023-08-06,2.25,19.98,4.93,3.82,6.2,3.219,465
2023-08-07,0.9,25.15,12.99,4.34,17.26,7.181,468
2023-08-08,0.6,7,1.25,1.02,1.7,0.608,467
2023-08-09,0.93,10.85,1.83,1.6,2.08,0.565,466
2023-08-10,0.7,3.28,1.7,1.48,1.9,0.396,460
2023-08-11,0.7,41.92,1.8,1.17,2.38,2.635,463
2023-08-12,1.3,3.88,2.2,1.88,2.6,0.522,466
2023-08-13,0.68,7.35,2.58,1.99,3.66,1.413,465
2023-08-14,1.65,15.85,3.33,2.8,3.97,1.189,467
2023-08-15,1.5,21.17,4.3,3.42,5.93,1.937,467
2023-08-16,0.77,16.17,3.01,1.83,12.58,5.364,468
2023-08-17,1.2,6.95,1.77,1.6,2,0.514,466
2023-08-18,1.1,5.38,1.8,1.5,2.17,0.545,468
2023-08-19,1.17,28.63,3.8,2.13,4.28,2.033,467
2023-08-20,1.38,19.38,2.9,2.04,9.5,5.569,463
2023-08-21,1.3,16.75,3.03,2.35,4.2,3.679,459
2023-08-22,1.3,6.45,2.52,2.1,3.4,0.86,467
2023-08-23,1.98,21.75,2.9,2.65,3.26,1.489,468
2023-08-24,1.3,10.18,2.85,2.17,3.3,1.008,467
2023-08-25,2,10.4,3.4,2.92,3.83,0.922,466
2023-08-26,1.6,23.05,3.32,2.65,9.27,6.146,468
2023-08-27,1.38,19.48,2.25,1.83,2.71,3.726,464
2023-08-28,0.9,28.88,2.5,1.55,3,2.326,466
2023-08-29,1,13.95,2.38,1.63,2.78,1.71,466
2023-08-30,1.1,37.54,1.95,1.67,2.8,2.109,465
2023-08-31,1.12,4.4,2,1.6,2.4,0.633,467
2023-09-01,0.8,33.88,2.38,1.6,4.22,4.663,465
2023-09-02,0.7,21.95,1.5,1.23,2.2,2.25,462
2023-09-03,0.5,77.03,1.6,1.14,2,3.813,466
2023-09-04,1.67,4.84,2.72,2.45,3.1,0.458,463
2023-09-05,0.56,11.63,2.5,2,2.7,0.912,465
2023-09-06,0.5,8.82,1.14,0.93,2,0.918,464
2023-09-07,1.17,7.95,1.85,1.7,2.2,0.924,468
2023-09-08,1.9,15.9,6.28,5.28,7.5,2.082,466
2023-09-09,2.4,23.23,8.66,3.75,10.65,5.416,466
2023-09-10,8.15,24.15,13.68,9.94,19.23,4.788,465
2023-09-11,8.5,24.05,13.18,10.02,15.13,3.332,466
2023-09-12,3.4,20.95,12.68,11.04,13.98,2.733,464
2023-09-13,0.7,6.8,1.5,1.2,3.01,1.315,460
2023-09-14,0.5,114.13,1,0.82,2,9.357,466
2023-09-15,0.9,22.38,1.8,1.5,2.8,1.576,463
2023-09-16,1.35,9.88,2.29,2,2.78,0.645,467
2023-09-17,0.3,5.93,1.38,0.98,2.08,0.926,466
2023-09-18,0.6,5.43,1.23,1.02,1.58,0.827,460
2023-09-19,1.1,19.45,3.05,1.83,13.23,6.17,461
2023-09-20,0.3,5.09,1.2,0.8,1.95,0.797,443
2023-09-21,2.52,8.23,3.5,3.22,4.15,0.967,466
2023-09-22,3.9,16.27,5.78,5,7.24,2.979,461
2023-09-23,1.02,8.55,2.1,1.6,3.25,1.535,467
2023-09-24,0.55,4.43,1.42,1,2.08,0.693,465
2023-09-25,1.27,4.2,2.25,1.9,2.67,0.52,468
2023-09-26,2,13.95,4.07,3.38,6.15,2.403,463
2023-09-27,5.07,13.32,8.52,7.24,10.64,2,465
2023-09-28,5.55,37.1,11.93,9.52,19.95,7.454,467
2023-09-29,2.45,19.7,8.52,4.2,13.68,4.974,467
2023-09-30,0.93,8.5,2.15,1.42,3.05,1.366,465
2023-10-01,0.7,5.53,1.73,1.2,2.17,0.668,454
2023-10-02,1.6,10.95,2.9,2.29,3.5,1.376,457
2023-10-03,2.08,7.57,3.72,3.05,4.45,0.983,463
2023-10-04,0.5,77.13,1.75,1.2,2.42,4.23,463
2023-10-05,0.65,5.18,1.75,1.3,2.15,0.753,465
2023-10-06,0.4,7.97,1.55,1.3,2.15,0.756,464
2023-10-07,0.3,2.2,0.8,0.65,0.9,0.249,460
2023-10-08,0.5,2.47,0.88,0.77,1,0.198,460
2023-10-09,0.56,9.5,0.98,0.8,1.8,1.238,455
2023-10-10,0.9,3.65,1.82,1.5,2.29,0.556,448
2023-10-11,0.6,10.7,3.13,1.9,5.99,2.735,460
2023-10-12,0.4,4.4,1,0.73,1.7,0.616,458
2023-10-13,0.5,5.25,1.8,1.26,2.7,0.843,457
2023-10-14,0.56,6.07,1.7,1.27,2.02,0.603,464
2023-10-15,0.32,2.2,0.82,0.6,1.1,0.389,464
2023-10-16,0.43,6.13,0.9,0.8,1.04,0.604,460
2023-10-17,0.5,6.25,1.05,0.9,1.3,0.555,461
2023-10-18,0.43,3.2,1.6,0.7,2.1,0.688,453
2023-10-19,0.87,3.5,1.53,1.27,1.9,0.562,457
2023-10-20,0.52,2.29,1.27,1.14,1.4,0.202,466
2023-10-21,0.6,2.72,1.5,1.1,1.85,0.446,463
2023-10-22,0.47,2.9,1,0.8,1.3,0.36,462
2023-10-23,0.6,4.59,1.4,1.17,1.6,0.39,467
2023-10-24,1.2,3.8,1.8,1.63,2.04,0.395,463
2023-10-25,1.2,6.13,2.1,1.7,3.3,1.262,467
2023-10-26,1.05,5.05,1.6,1.4,2.39,0.726,465
2023-10-27,1.45,4.7,3,2.67,3.33,0.526,464
2023-10-28,1.1,5.8,2.06,1.73,2.4,0.495,467
2023-10-29,0.7,4.73,1.7,1.19,1.98,0.585,465
2023-10-30,0.6,5.5,1.42,1.08,1.87,1.027,468
2023-10-31,0.5,6.35,2.5,0.95,4.03,1.627,465
2023-11-01,0.38,4.73,0.8,0.7,0.87,0.32,463
2023-11-02,0.77,6.9,1.33,1.14,3.8,1.565,459
2023-11-03,1.67,11.68,5.18,3,7.5,2.427,467
2023-11-04,0.6,11.2,3.45,2.39,6.03,2.196,468
2023-11-05,1.6,6.25,3.72,2.9,4.43,1.031,467
2023-11-06,2,10.8,4.5,3.6,5.2,1.368,460
2023-11-07,0.6,7.22,2.04,1.2,3.72,1.323,462
2023-11-08,0.73,9.3,2,1.58,2.29,0.762,461
2023-11-09,0.75,6.18,2.72,1.8,4.09,1.373,440
2023-11-10,1.73,8.98,4.53,3.15,5.93,1.76,462
2023-11-11,2.1,13.6,3.45,3.08,5.75,2.358,466
2023-11-12,1,6.57,1.9,1.42,2.7,0.926,286
2023-11-13,1,3.5,1.6,1.4,2.5,0.6,465
2023-11-14,0.8,5.17,1.4,1.2,1.63,0.766,466
2023-11-15,1,4.57,2.47,2,2.87,0.689,463
2023-11-16,1.3,5.3,2.7,2.1,3.67,0.911,466
2023-11-17,1.3,5.97,2.06,1.7,3.12,0.989,465
2023-11-18,1.33,6.67,2.37,1.92,2.95,1.206,465
2023-11-19,1.63,5.93,3.05,2.6,3.6,0.778,466
2023-11-20,1.7,5.8,2.9,2.6,3.4,0.847,467
2023-11-21,0.93,3.93,2,1.5,2.4,0.559,464
2023-11-22,0.53,8.73,2.27,1.5,2.85,1.221,468
2023-11-23,0.5,3.25,1,0.85,1.3,0.443,467
2023-11-24,0.7,3.1,1.3,1.1,1.63,0.398,467
2023-11-25,0.8,3.8,1.52,1.3,1.8,0.41,464
2023-11-26,0.8,3.03,1.47,1.1,1.7,0.381,464
2023-11-27,1.3,3.5,2.06,1.8,2.23,0.319,465
2023-11-28,1.2,4.84,2.29,1.9,3.1,0.742,468
2023-11-29,1,3.97,2.5,2.1,3,0.592,467
2023-11-30,1.7,4.3,2.63,2.4,3.2,0.548,468
2023-12-01,1.5,6.27,2.29,2.06,3.7,0.978,467
2023-12-02,1.97,5.47,3.1,2.7,3.6,0.616,460
2023-12-03,2.06,7.67,2.93,2.7,3.23,0.766,462
2023-12-04,1.5,4.59,2.33,2.1,2.77,0.581,339
2023-12-05,2.4,7.85,4.03,3.4,5.07,1.018,462
2023-12-06,1.93,12.03,3.97,3.4,6.07,2.353,467
2023-12-07,2.5,11.47,6.1,3.7,7.77,2.478,467
2023-12-08,4.43,11.73,6.47,5.53,8.22,1.835,465
2023-12-09,2.1,10.73,5.5,2.9,6.97,2.384,467
2023-12-10,6.53,14.2,11.4,10.1,12.27,1.429,467
2023-12-11,2.1,11.33,5.6,4,8.3,2.507,467
2023-12-12,3.33,8.9,4.8,4.23,5.47,1.022,464
2023-12-13,1.83,7.2,3.43,2.7,4.13,0.839,467
2023-12-14,1.8,5.83,2.67,2.29,2.9,0.465,467
2023-12-15,1.7,7.37,3.4,2.72,4.34,1.218,468
2023-12-16,1.2,4.05,2.38,1.88,2.73,0.573,466
2023-12-17,1.1,3.83,2,1.7,2.38,0.506,467
2023-12-18,0.8,3.58,1.52,1.14,2.08,0.592,466
2023-12-19,0.3,2.73,1.14,0.85,1.8,0.558,464
2023-12-20,1.17,5.43,2.67,1.93,3.4,0.859,467
2023-12-21,0.5,6.32,1.93,1.42,2.7,1.054,465
2023-12-22,0.43,3.4,1.62,0.9,2.2,0.7,464
2023-12-23,0.9,2.4,1.7,1.5,1.83,0.252,468
2023-12-24,0.93,4.73,1.77,1.4,2.8,0.937,466
2023-12-25,1,5.07,1.87,1.4,2.29,0.897,467
2023-12-26,1.4,3.9,2.13,1.9,2.5,0.45,396
2023-12-27,0.7,2.43,1.3,1.1,1.5,0.318,460
2023-12-28,0.7,8.6,1.63,1.3,2.1,1.279,467
2023-12-29,0.9,6.23,2.47,1.8,4.07,1.364,464
2023-12-30,1.4,5.57,2.92,2.33,3.67,0.887,466
2023-12-31,0.8,38.27,2.29,1.5,2.8,2.48,464
2024-01-01,1.3,5.3,2.1,1.8,2.4,0.503,466
2024-01-02,0.9,2.9,1.67,1.33,1.9,0.352,453
2024-01-03,0.9,2.02,1.33,1.2,1.47,0.184,465
2024-01-04,1.23,5.09,2.2,1.9,2.4,0.395,465
2024-01-05,1.57,4.09,2.4,2.13,2.9,0.544,467
2024-01-06,1.6,6.97,2.8,2.31,4.57,1.252,464
2024-01-07,2.8,9.97,4.59,3.8,5.6,1.074,467
2024-01-08,1.4,3.9,2.06,1.9,2.37,0.392,467
2024-01-09,0.9,4.63,1.33,1.2,1.53,0.315,467
2024-01-10,0.67,1.5,1,0.93,1.1,0.132,466
2024-01-11,0.5,3.93,1,0.8,1.3,0.567,467
2024-01-12,0.6,2.02,1,0.88,1.3,0.298,467
2024-01-13,0.83,6.5,1.7,1.33,2.5,1.198,467
2024-01-14,0.8,8,1.33,1.2,1.8,1.438,462
2024-01-15,0.73,2.77,1.2,1,1.47,0.356,466
2024-01-16,0.8,5.27,1.4,1.12,2,0.807,466
2024-01-17,0.97,5.63,2.47,1.7,2.87,0.883,466
2024-01-18,0.9,2.5,1.33,1.2,1.5,0.271,465
2024-01-19,1.3,14.13,2.4,1.9,3.83,2.994,466
2024-01-20,2.9,10,4.37,3.83,6.03,1.587,465
2024-01-21,1,10.53,2.6,2.17,4.53,2.379,465
2024-01-22,1,6.93,3.1,2.27,3.8,1.243,467
2024-01-23,0.5,4.25,2.22,0.88,2.85,0.98,466
2024-01-24,0.67,6.97,1.8,1.2,3.2,1.506,463
2024-01-25,0.8,4.82,1.37,1.2,1.7,0.599,466
2024-01-26,0.7,5.5,1.7,1.1,3.23,1.293,467
2024-01-27,0.87,26.13,2.27,1.57,3.5,2.42,467
2024-01-28,1.37,5.8,2.1,1.88,2.29,0.484,468
2024-01-29,1.37,10.5,3.67,2,6.38,2.606,467
2024-01-30,3.93,11.3,7.89,6.33,9,1.774,468
2024-01-31,0.9,9.02,2.1,1.5,5.09,2.474,468
2024-02-01,0.6,3.43,1.23,1,1.53,0.392,462
2024-02-02,0.7,4.47,1.7,1.23,2.17,0.566,461
2024-02-03,0.7,2.43,1.12,1,1.38,0.304,462
2024-02-04,0.63,2.27,1.1,0.9,1.27,0.244,462
2024-02-05,0.8,2.73,1.12,1,1.47,0.34,467
2024-02-06,1,3.3,1.6,1.43,1.8,0.41,467
2024-02-07,1.27,3.2,2.1,1.9,2.29,0.306,464
2024-02-08,1,4.07,2,1.63,2.77,0.696,455
2024-02-09,1.3,6.53,2.49,1.9,2.87,0.726,464
2024-02-10,1.5,4.93,2.87,2.29,3.37,0.663,465
2024-02-11,2.7,12.55,4.7,4.03,5.87,2.214,466
2024-02-12,3.8,14.93,7.77,6.37,8.86,1.942,464
2024-02-13,1.03,7.83,3.73,2.43,5.03,1.524,467
2024-02-14,2.52,15.18,6.43,4.26,8.6,2.681,467
2024-02-15,4.23,15,10.23,7.13,11.9,2.823,464
2024-02-16,0.9,15.05,4.05,1.5,7.63,3.529,467
2024-02-17,0.5,5.93,0.9,0.7,1.1,0.797,467
2024-02-18,0.63,1.83,1,0.9,1.2,0.226,466
2024-02-19,0.7,7.4,5.13,4.09,5.7,1.745,467
2024-02-20,1.5,7.73,3.8,2.6,5.7,1.676,467
2024-02-21,1.9,6.57,4.13,3.43,4.8,0.954,468
2024-02-22,1.1,15.1,4.23,3,7.9,3.283,468
2024-02-23,1.02,15.93,2.39,1.63,10.53,4.93,466
2024-02-24,1.3,6.47,2.1,1.7,3.9,1.331,467
2024-02-25,2.4,10.57,4.4,3.53,5.87,1.947,466
2024-02-26,6.2,17.73,9.73,8.73,11.23,1.798,468
2024-02-27,4.53,13.97,6.97,5.63,8.17,2.048,467
2024-02-28,1.9,7.07,3.17,2.63,3.77,0.853,459
2024-02-29,1.8,12.6,5.43,4.3,7,2.126,467
2024-03-01,6.27,17.07,11.23,10.02,12.42,2.096,460
2024-03-02,9.57,18.13,12.42,11.43,13.42,1.341,236
2024-03-05,2,14.23,4,3.09,8.18,3.536,445
2024-03-06,1.5,5.93,2.6,2.1,3.07,0.763,452
2024-03-07,1.5,5.73,2.8,2.29,4,1.095,398
2024-03-08,1,4.93,2.35,2.1,2.75,0.554,405
2024-03-09,1.3,22.67,2.33,1.9,2.7,1.108,453
2024-03-10,1.2,2.97,1.8,1.6,1.97,0.252,464
2024-03-11,1.43,5.33,2.17,1.9,2.5,0.436,355
2024-03-12,1.87,5.33,2.96,2.57,3.9,0.822,294
2024-03-13,4.73,8.33,6.5,5.55,7.2,0.942,44
2024-03-16,0.5,1.27,0.8,0.67,0.9,0.161,111
2024-03-17,0.5,1.5,0.87,0.77,1,0.154,469
2024-03-18,0.6,2.4,0.93,0.8,1.1,0.37,469
2024-03-19,0.93,3.6,1.9,1.43,2.4,0.565,470
2024-03-20,1.7,13.7,4.7,3.47,9.17,3.252,471
2024-03-21,1.65,14.02,5.55,3.88,9.47,2.98,470
2024-03-22,0.9,6.47,3.23,2.8,4.25,1.012,406
2024-03-23,1.14,4.5,2.5,2.1,2.8,0.558,440
2024-03-24,0.8,3.47,2,1.7,2.37,0.46,470
2024-03-25,1.2,3.27,1.77,1.57,2.1,0.489,472
2024-03-26,1.3,9.13,3.27,2.7,4.55,1.672,473
2024-03-27,3.43,11.2,8,7.05,9.23,1.95,471
2024-03-28,3.4,14.05,5.98,4.45,9,2.684,472
2024-03-29,1.1,21,8.63,4.42,14.72,5.718,297
2024-03-30,1.92,3.88,2.88,2.63,3.17,0.379,215
2024-05-01,0.8,2.78,1.27,1.1,1.4,0.295,203
2024-05-02,0.8,2.8,1.2,1.05,1.4,0.276,463
2024-05-03,0.9,6.25,1.63,1.45,1.95,0.61,463
2024-05-04,0.9,5.72,1.8,1.3,3.3,1.074,293
2024-05-05,0.7,3.38,2,1.41,2.38,0.575,377
2024-05-06,0.7,4.5,1.5,1.3,1.9,0.49,462
2024-05-07,1.08,2.33,1.54,1.4,1.7,0.222,460
2024-05-08,1,3.3,1.9,1.5,2.21,0.463,461
2024-05-09,2.22,14.45,3.76,3.1,5.8,1.947,462
2024-05-10,0.6,9,1.2,0.93,1.5,1.537,463
2024-05-11,0.8,3.63,1.33,1.14,1.8,0.68,464
2024-05-12,0.75,48.9,1.8,1.42,2.22,2.261,463
2024-05-13,1.17,12.8,1.9,1.6,2.78,0.923,458
2024-05-14,1.2,9.69,2.04,1.7,2.5,0.752,391
2024-05-15,1.65,5.55,2.76,2.36,3.17,0.684,108
2024-05-16,1.67,15.8,2.92,2.58,3.53,2.091,462
2024-05-17,2.67,9.44,3.75,3.3,5.3,1.355,466
2024-05-18,1.9,7.7,3.63,2.8,4.88,1.292,466
2024-05-19,0.8,10.15,3.08,2.7,3.78,0.991,466
2024-05-20,0.4,5.72,0.8,0.7,0.9,0.341,465
2024-05-21,0.5,3.9,0.9,0.8,1.1,0.307,466
2024-05-22,0.9,3.92,1.3,1.2,1.48,0.287,467
2024-05-23,1.2,4.95,2.47,1.7,3.6,1.01,466
2024-05-24,3.22,8.57,5.63,4.8,6.35,1.032,465
2024-05-25,3.1,13.23,5.65,4.9,6.8,2.47,466
2024-05-26,1.9,20.92,4.4,2.9,12.8,5.544,465
2024-05-27,3.1,10.15,4.82,4.05,5.94,1.096,464
2024-05-28,2.6,7.75,5.09,4.19,6.03,1.217,465
2024-05-29,1.5,9.15,5.05,2.38,6.2,1.992,465
2024-05-30,1.1,7.4,2.38,1.88,3.4,1.605,466
2024-05-31,3.58,9.57,5.32,4.7,6.22,0.948,466
2024-06-01,3.53,14.82,6.71,4.63,7.5,1.549,460
2024-06-02,2.6,12.43,4.8,4.18,5.8,1.087,466
2024-06-03,1.4,7.7,4.8,4.18,5.6,1.127,466
2024-06-04,1.08,4.18,2,1.58,2.54,0.656,463
2024-06-05,0.9,6.35,2.8,2.08,4.05,1.195,467
2024-06-06,1.6,5.95,2.88,2.29,3.47,0.768,463
2024-06-07,1.2,3.9,2.2,1.9,2.52,0.434,465
2024-06-08,1.65,11.07,2.63,2.25,6.43,2.556,463
2024-06-09,0.9,8.4,1.48,1.23,1.73,1.006,452
2024-06-10,0.6,3.17,1.2,0.85,2.02,0.662,462
2024-06-11,0.7,6.8,1.58,1.1,2,0.725,465
2024-06-12,0.6,6.45,1.49,1.12,2.15,1.158,464
2024-06-13,0.8,6.32,1.55,1.27,3.28,1.434,463
2024-06-14,1.1,16.45,1.7,1.5,2.08,1.044,461
2024-06-15,1.12,8.05,1.7,1.5,2.34,1.493,409
2024-06-16,1,11.4,2.22,1.65,4.59,2.362,463
2024-06-17,0.6,8.63,1.6,1.25,4.84,2.251,462
2024-06-18,1.17,7.82,2.65,1.8,3.7,1.413,470
2024-06-19,0.6,8.43,1.98,1.33,2.6,1.055,459
2024-06-20,0.7,3.8,1.5,1.2,1.98,0.573,458
2024-06-21,0.9,28.13,1.73,1.4,2.52,1.588,458
2024-06-22,0.55,3.1,1.1,0.85,1.73,0.598,458
2024-06-23,0.8,5.72,1.4,1.2,1.6,0.48,458
2024-06-24,1.25,7.75,2,1.75,2.29,0.497,458
2024-06-25,1,3.22,1.77,1.5,2.29,0.479,463
2024-06-26,1.45,4.63,2.7,2.42,3,0.486,463
2024-06-27,1.7,3.72,2.6,2.33,2.85,0.366,462
2024-06-28,2.35,13.7,5.44,3.78,6.32,1.547,464
2024-06-29,0.8,23.85,1.54,1.26,2.1,1.371,464
2024-06-30,0.9,7.3,2,1.7,2.38,0.58,464
2024-07-01,0.4,3.2,1.63,1.4,1.9,0.475,463
2024-07-02,1.1,3.88,1.77,1.58,1.98,0.356,462
2024-07-03,1.3,5.3,2.2,1.9,2.67,0.577,464
2024-07-04,0.8,3.75,1.7,1.33,2.1,0.583,463
2024-07-05,0.8,3.17,1.48,1.27,1.67,0.309,465
2024-07-06,1,6.22,1.8,1.45,3.45,1.184,462
2024-07-07,0.82,5.3,1.4,1.2,1.78,1.029,465
2024-07-08,0.73,5.97,1.35,1.2,1.6,0.382,463
2024-07-09,0.73,2.83,1.3,1.14,1.55,0.277,464
2024-07-10,0.6,4.72,1.4,1.02,1.9,0.762,462
2024-07-11,1.8,12.1,4.7,3.58,5.62,1.68,461
2024-07-12,1.63,7.35,2.7,2.29,3.28,0.774,464
2024-07-13,0.9,7.4,2.52,1.5,4.9,1.713,464
2024-07-14,0.6,5.3,1.5,1.1,2.29,0.914,464
2024-07-15,1,19.13,1.6,1.45,1.77,1.435,463
2024-07-16,1.05,6.28,2.22,1.83,3.5,1.215,463
2024-07-17,0.7,10,3.59,1.4,5.88,2.652,464
2024-07-18,0.56,3.28,1.14,0.8,1.8,0.654,464
2024-07-19,0.5,5.97,1.2,1,2,0.921,457
2024-07-20,1.1,7.85,2.33,2.04,2.83,0.829,462
2024-07-21,3.6,10.68,6.57,5.32,7.68,1.659,465
2024-07-22,5.15,10.45,7.88,6.77,8.48,1.069,461
2024-07-23,2,13.23,6.52,3.88,9.8,3.295,464
2024-07-24,1.42,8.52,2.29,1.98,2.92,0.926,464
2024-07-25,1.35,11.32,3,2.2,4.38,1.673,463
2024-07-26,1.3,3.97,2.27,1.83,2.8,0.614,463
2024-07-27,1.73,6.4,3.38,2.7,3.92,0.838,460
2024-07-28,0.82,2.95,2,1.65,2.2,0.404,463
2024-07-29,0.7,3.95,1.2,1.1,1.4,0.394,462
2024-07-30,0.8,4.65,1.8,1.3,2.29,0.751,462
2024-07-31,1.52,6.3,3.26,2.9,3.58,0.593,462
2024-08-01,0.8,4.63,1.4,1.2,1.6,0.501,461
2024-08-02,1.27,4.47,2.22,1.8,3.05,0.74,462
2024-08-03,1.4,6.22,3.47,2.33,4.32,1.124,459
2024-08-04,3.8,13.98,6.04,5.6,6.63,0.839,460
2024-08-05,4.22,11.18,7.25,6.21,8.73,1.637,460
2024-08-06,3.63,16.1,7.78,5.95,9.77,2.473,458
2024-08-07,2.2,8.73,4.53,3.42,6.13,1.79,460
2024-08-08,1.1,10.52,4.26,3.46,5.75,1.811,460
2024-08-09,1.4,6.15,2.46,2,3.17,0.821,456
2024-08-10,0.8,3.72,1.7,1.41,2,0.535,456
2024-08-11,0.4,3.78,0.8,0.7,1.45,0.881,459
2024-08-12,0.3,1.7,0.6,0.55,0.8,0.199,456
2024-08-13,0.5,6.65,1,0.9,1.2,0.656,455
2024-08-14,0.5,1.85,1.05,0.9,1.2,0.239,448
2024-08-15,1.05,9.27,1.73,1.5,2.62,1.459,425
2024-08-16,1.1,6.43,2.7,1.95,4.9,1.536,403
2024-08-17,0.9,5.45,1.58,1.4,1.73,0.498,451
2024-08-18,1.1,4.5,2.1,1.9,2.33,0.381,451
2024-08-19,1.38,12.63,2.7,2.29,3.38,1.14,449
2024-08-20,1.52,15.02,3.53,2.58,3.97,0.979,457
2024-08-21,3.22,10.85,5.63,4.9,6.95,1.538,448
2024-08-22,0.98,4.47,2.04,1.6,2.47,0.735,457
2024-08-23,0.98,7.97,3.47,3.03,4.25,1.557,458
2024-08-24,0.8,4.13,2,1.7,2.42,0.653,459
2024-08-25,0.8,7.53,3.94,2.65,5.9,1.783,458
2024-08-26,2.04,14.88,4.53,2.8,9.94,3.912,450
2024-08-27,3.28,17.32,7.5,5.42,9.06,2.334,457
2024-08-28,3.15,11.05,5.68,4.9,7.97,1.952,455
2024-08-29,6.82,19.57,10.55,8.02,13.63,3.619,454
2024-08-30,2.27,26.73,5.92,4,19.39,8.263,456
2024-08-31,1.5,9.69,4.28,2.29,7.7,2.53,455
2024-09-01,1.12,7.1,2.7,1.65,4.84,1.732,459
2024-09-02,1.83,14.6,2.63,2.4,3,0.988,452
2024-09-03,1.4,4.68,2.2,1.85,2.58,0.454,456
2024-09-04,2.63,16.35,12.25,10.75,14.13,3.945,457
2024-09-05,6.1,18.1,11.32,7.72,14,3.236,455
2024-09-06,3.33,20.58,8.15,4.75,11.4,4.111,451
2024-09-07,3.78,18.57,11.13,6.6,14.73,4.051,398
2024-09-08,8.13,35.04,12.64,10.68,13.52,2.059,456
2024-09-09,5.15,11.48,7.57,6.78,8.65,1.377,455
2024-09-10,1.1,9.44,2.04,1.73,2.72,1.988,442
2024-09-11,0.68,6.75,3.1,1.5,4.55,1.671,458
2024-09-12,0.6,2.75,1.27,1.1,1.5,0.326,459
2024-09-13,0.65,5.8,1.27,1.08,1.49,0.465,436
2024-09-14,0.7,3.67,1.2,1,1.42,0.332,461
2024-09-15,0.6,11.13,1.27,1,1.7,0.908,459
2024-09-16,0.9,13.3,2.02,1.42,2.46,1.394,377
2024-09-17,1.08,7.78,2.35,1.64,3.04,0.911,457
2024-09-18,1.4,10.02,3.38,2.2,4.15,1.22,455
2024-09-19,1.1,6.2,2.9,1.9,4.09,1.175,458
2024-09-20,1.58,8.13,2.88,2.5,3.25,0.89,458
2024-09-21,0.88,7.9,2.36,1.24,3.26,1.075,460
2024-09-22,0.7,4.15,1.2,1.02,1.98,0.607,458
2024-09-23,1.7,12.73,2.92,2.5,3.5,2.907,457
2024-09-24,11.02,28.3,18.55,15.4,22.1,4.009,457
2024-09-25,1.27,26.02,3.17,1.95,6.94,7.194,457
2024-09-26,1,33.4,1.9,1.6,2.78,2.029,460
2024-09-27,0.55,2.42,1,0.8,1.45,0.485,347
2024-09-28,0.6,7.25,0.93,0.8,1.08,0.776,322
2024-09-29,0.4,2.22,0.75,0.6,1.12,0.34,459
2024-09-30,0.6,4.59,1.14,0.9,1.4,0.448,460
2024-10-01,0.5,6.3,1.3,0.9,1.55,0.495,454
2024-10-02,0.6,4.32,0.98,0.8,1.12,0.284,461
2024-10-03,0.8,51.13,1.8,1.25,2.54,2.486,459
2024-10-04,0.5,6.9,2.9,1.5,3.55,1.215,462
2024-10-05,1,4.9,1.9,1.6,2.27,0.691,459
2024-10-06,0.8,9.98,2.2,1.6,2.52,1.078,458
2024-10-07,1.08,6.32,2.8,2.33,3.3,1.094,458
2024-10-08,1.23,11.13,3.95,2.9,8.13,2.975,459
2024-10-09,0.6,10,3.2,2.2,4.93,1.937,459
2024-10-10,0.4,11.98,3.05,1.8,4.22,2.485,459
2024-10-11,0.5,4.18,1.02,0.77,1.52,0.574,459
2024-10-12,0.7,6.15,1.35,1.12,1.63,0.703,459
2024-10-13,0.9,7.55,1.58,1.35,1.88,0.502,459
2024-10-14,0.8,3.65,1.8,1.52,2.12,0.466,460
2024-10-15,0.52,7.7,0.95,0.8,1.67,0.786,455
2024-10-16,0.6,5.35,1.3,1,1.9,0.843,459
2024-10-17,0.9,3.13,1.8,1.6,2.13,0.429,458
2024-10-18,1.98,11.8,5.13,4.13,8.25,2.456,459
2024-10-19,2.25,8.1,4,3,5.18,1.485,459
2024-10-20,2.78,21.15,10.88,7.12,16.25,5.122,457
2024-10-21,1.83,16.5,3.74,2.79,11.98,4.634,456
2024-10-22,1.55,5.22,3,2.54,3.42,0.662,458
2024-10-23,1,3.67,1.7,1.4,2.29,0.591,459
2024-10-24,1.08,3.8,2.35,1.9,2.7,0.572,459
2024-10-25,1.85,8.9,3.42,2.9,6.95,2.041,410
2024-10-26,4.03,17.27,6.53,5.65,7.7,3.069,454
2024-10-27,0.6,23.88,11.08,3.1,16.27,6.63,454
2024-10-28,0.7,3.6,1.95,1.6,2.45,0.605,449
2024-10-29,0.38,3,1.2,0.88,1.5,0.472,458
2024-10-30,0.4,2.02,0.9,0.8,1,0.2,455
2024-10-31,0.6,6.5,1.88,1.4,2.67,1.012,451
2024-11-01,0.5,2.72,0.81,0.68,1.88,0.651,452
2024-11-02,0.5,2.29,0.8,0.7,0.98,0.246,457
2024-11-03,0.45,1.95,0.88,0.7,1,0.222,455
2024-11-04,0.5,1.63,0.8,0.7,0.9,0.17,433
2024-11-05,0.7,3.28,1.4,1.2,1.7,0.361,402
2024-11-06,0.56,4.45,1.7,1.25,2.1,0.673,388
2024-11-07,0.6,2.83,1.12,0.9,1.52,0.493,445
2024-11-08,0.75,3.22,1.8,1.42,2.25,0.565,416
2024-11-09,1.83,7.03,3.57,2.7,4.5,1.287,414
2024-11-10,0.5,4.84,1.2,0.84,2.5,0.983,365
2024-11-11,1.3,9.57,2.82,2.19,5.75,2.171,400
2024-11-12,0.63,3.3,1.1,0.9,1.41,0.575,325
2024-11-13,0.9,4.88,1.83,1.4,3.35,1.036,367
2024-11-14,0.9,3,1.64,1.33,1.9,0.4,338
2024-11-15,1.1,3.38,1.7,1.52,1.9,0.29,441
2024-11-16,0.45,2.78,1.42,0.9,1.77,0.522,447
2024-11-17,0.4,2.33,1.1,0.6,1.7,0.539,450
2024-11-18,0.5,4.09,1.1,0.97,1.8,0.678,441
2024-11-19,1.17,3.4,1.87,1.67,2.13,0.36,415
2024-11-20,0.5,2.23,1.23,1.1,1.4,0.285,420
2024-11-21,0.5,1.8,1.23,1.1,1.4,0.256,400
2024-11-22,0.93,2.8,1.33,1.2,1.57,0.363,434
2024-11-23,0.7,13.53,1.6,1.2,2.6,1.449,339
2024-11-24,0.8,9.13,2.2,1.53,3.28,1.844,406
2024-11-25,1.98,8,2.78,2.47,3.2,0.87,368
2024-11-26,1.3,4.75,2.6,2.22,2.9,0.513,459
2024-11-27,0.77,3.15,1.48,1.23,1.67,0.363,461
2024-11-28,0.7,2.33,1.3,1.1,1.6,0.336,461
2024-11-29,0.8,4.63,1.5,1.2,2,0.486,461
2024-11-30,1.14,4.9,2,1.7,2.67,0.666,462
2024-12-01,2.08,6.45,3.57,2.92,4.76,1.052,400
2024-12-02,0.47,11.9,7.32,6.4,9.03,2.223,461
2024-12-03,0.4,2.23,1.12,0.7,1.45,0.437,461
2024-12-04,1,4.17,2.2,1.5,2.87,0.758,461
2024-12-05,1,4.43,1.97,1.6,2.77,0.755,460
2024-12-06,0.9,9.19,5.5,3.19,6.8,2.19,461
2024-12-07,3.03,9.52,5.09,4.3,6.4,1.385,458
2024-12-08,4.5,9.17,6.9,6.1,7.45,0.957,460
2024-12-09,0.9,6.9,1.7,1.4,2.29,1.057,459
2024-12-10,1.27,2.73,1.7,1.6,1.9,0.242,450
2024-12-11,0.8,3,1.63,1.4,1.97,0.391,458
2024-12-12,0.97,3.5,1.53,1.37,2.13,0.577,458
2024-12-13,1,4.09,2.29,1.8,2.9,0.686,447
2024-12-14,0.5,6.07,1.38,0.83,3,1.514,423
2024-12-15,0.5,2.6,1.27,1,1.57,0.425,462
2024-12-16,0.4,2.33,0.8,0.6,1.2,0.372,430
2024-12-17,0.5,1.97,0.9,0.8,1.1,0.222,446
2024-12-18,0.7,8.5,1.37,1.1,2.74,1.937,453
2024-12-19,0.8,3.7,2,1.67,2.4,0.595,233
2024-12-20,0.8,2.7,1.3,1.1,1.53,0.331,356
2024-12-21,0.6,5.4,1.33,1.1,1.8,1.143,424
2024-12-22,0.8,6.4,2.31,1.42,3.13,1.002,462
2024-12-23,1.4,6.9,2.9,2.5,3.67,1.024,450
2024-12-24,1,5.3,2.1,1.43,3.23,1.008,446
2024-12-25,0.6,1.98,1.2,1,1.4,0.281,462
2024-12-26,0.5,3,1.2,0.89,1.5,0.463,460
2024-12-27,0.5,3.65,1.05,0.8,1.6,0.613,462
2024-12-28,0.6,5.09,1.7,1.1,2.29,0.785,462
2024-12-29,0.3,2.17,0.7,0.56,1.1,0.392,381
2024-12-30,0.38,2,1,0.55,1.23,0.408,282
2024-12-31,0.73,4.67,1.1,1,2.25,0.922,332
2025-01-01,0.6,14.77,1.2,1,1.8,1.376,439
2025-01-02,0.7,1.9,1,0.9,1.1,0.139,461
2025-01-03,0.8,2.4,1.43,1.17,1.8,0.389,454
2025-01-04,0.8,2.02,1.2,1.03,1.4,0.251,461
2025-01-05,1.1,7.33,1.8,1.4,4.23,1.642,459
2025-01-06,1.1,5.2,2.29,1.75,3.45,0.985,457
2025-01-07,0.56,4.2,1.53,1.2,1.8,0.509,460
2025-01-08,0.77,4.5,1.7,1.5,1.9,0.413,460
2025-01-09,0.9,5.97,2.2,1.4,3.25,1.259,460
2025-01-10,1.1,4.93,2.47,2.1,2.9,0.691,459
2025-01-11,0.6,2.29,1.4,1.2,1.53,0.273,458
2025-01-12,0.6,2.4,1.12,0.9,1.37,0.285,457
2025-01-13,0.7,2.4,1.2,1.07,1.4,0.308,419
2025-01-14,0.97,3,1.76,1.52,1.95,0.347,318
2025-01-15,0.7,17.37,1.2,1,1.43,1.117,460
2025-01-16,0.6,3.58,1.2,0.88,1.8,0.667,461
2025-01-17,1.8,6.03,3.3,2.8,4.38,0.974,459
2025-01-18,1.67,5.35,3.55,3.05,3.8,0.677,459
2025-01-19,0.7,42.28,3.1,2.54,3.58,2.091,460
2025-01-20,0.6,4.87,2.87,2.29,3.4,1.022,459
2025-01-21,0.5,19.2,2.93,1.8,6.43,4.855,459
2025-01-22,2.29,10.77,7.93,5.4,9.33,2.213,459
2025-01-23,2.9,14.57,4.59,3.9,7.5,2.867,460
2025-01-24,0.8,10.75,3.17,1.6,4.95,2.302,459
2025-01-25,0.88,5.28,2.83,2.33,3.38,0.759,430
2025-01-26,1.3,5.67,1.93,1.7,2.45,1.144,173
2025-01-27,0.5,7.8,3.35,2.25,4.3,1.776,384
2025-01-28,1.4,7.45,4.23,3,5.55,1.54,461
2025-01-29,0.7,8.68,2.92,1.4,4.29,1.949,460
2025-01-30,0.6,5.7,1.2,0.9,2.13,1.394,334
2025-01-31,0.7,6.5,2.1,1.7,2.5,0.644,407
2025-02-01,0.4,3.77,1.1,0.87,1.4,0.405,343
2025-02-02,0.7,5.07,1.8,1.3,2.23,0.627,420
2025-02-03,0.6,2.87,1.3,1,1.73,0.448,459
2025-02-04,1.2,14.1,10.5,1.77,11.8,4.823,460
2025-02-05,1.35,16.8,7.12,2,10.33,4.848,424
2025-02-06,0.9,6.17,1.75,1.5,2.5,1.022,459
2025-02-07,1.12,7.7,3.1,2.2,4,1.309,434
2025-02-08,2.47,6.88,4.9,3.78,5.43,1.02,440
2025-02-09,4.17,8.9,5.9,5.43,6.83,0.957,439
2025-02-10,3,8.97,6.27,4.5,7.1,1.483,459
2025-02-11,1,5.63,3,1.89,3.89,1.19,236
2025-02-12,1.17,6.17,3.3,1.97,4.76,1.453,406
2025-02-13,0.8,3.7,1.47,1.2,2.63,0.813,355
2025-02-14,0.8,2.57,1.4,1.2,1.67,0.337,247
2025-02-15,0.7,3.27,1.5,1.12,2,0.52,359
2025-02-16,0.97,2.8,1.4,1.27,1.57,0.25,267
2025-02-17,0.63,2.29,0.9,0.8,1.07,0.319,365
2025-02-18,0.8,2.27,1.1,1,1.4,0.33,423
2025-02-19,0.63,7.07,1.43,1.1,2.7,1.468,457
2025-02-20,0.9,5.83,2.1,1.7,2.5,0.637,455
2025-02-21,4.09,32.5,19.7,15.83,21.1,6.192,451
2025-02-22,14.43,31.92,25.85,23.93,28.17,3.602,455
2025-02-23,2.17,29.02,20.17,11.02,22.53,7.469,458
2025-02-24,1.3,8.63,4.05,2.84,5.14,1.56,457
2025-02-25,3.1,17,9.57,6.88,12.55,3.304,455
2025-02-26,1.08,3.6,1.77,1.5,2.54,0.623,453
2025-02-27,1.5,4.13,2.5,2.1,3.03,0.602,317
2025-02-28,1.7,3.53,2.83,2.63,3,0.354,79
2025-03-01,1.8,5,2.8,2.4,3.6,0.721,318
2025-03-02,0.82,2.35,1.47,1.23,1.66,0.298,457
2025-03-03,1,4.09,1.95,1.7,2.2,0.38,456
2025-03-04,0.93,30.95,2.08,1.67,2.54,1.465,458
2025-03-05,1.3,4.25,2.67,2.35,3,0.477,454
2025-03-06,1.85,3.5,2.6,2.4,2.79,0.307,116
2025-03-07,2.29,11.57,3.96,3.25,5.4,2.657,338
2025-03-08,1.8,15.9,7.22,4,10.27,3.948,455
2025-03-09,1.9,52.4,6.4,5.8,7.2,2.869,454
2025-03-10,0.6,9.5,3.74,1.2,7.35,3.05,454
2025-03-11,0.5,2.2,0.93,0.83,1.04,0.189,456
2025-03-12,0.87,6.9,2,1.2,5.2,2.007,457
2025-03-13,1.4,5.6,2.23,1.9,3.2,0.927,314
2025-03-14,0.7,7.63,1.49,1.1,2.67,1.256,280
2025-03-15,1.67,2.7,2.1,1.8,2.27,0.316,11
2025-03-18,0.6,1.77,0.88,0.77,0.98,0.198,53
2025-03-19,0.6,5.03,1.14,0.93,1.67,0.614,459
2025-03-20,0.8,3.47,1.7,1.4,1.95,0.394,455
2025-03-21,0.5,4.34,1.27,1.02,2.13,0.842,458
2025-03-22,1.17,6.17,2.95,1.9,4.07,1.231,459
2025-03-23,1.7,10.32,2.67,2.29,3.15,1.06,460
2025-03-24,1.9,8.98,6,3,6.95,2.092,457
2025-03-25,3.58,13.7,7.85,6.05,10.16,2.618,460
2025-03-26,1.1,11.75,1.8,1.63,2.31,2.341,456
2025-03-27,1.2,9.19,1.65,1.5,1.98,0.727,174
2025-03-28,2,14.35,4,3.03,10.43,3.917,352
2025-03-29,2.78,14.6,6.18,4.69,11.51,3.492,456
2025-03-30,0.7,31.23,1.8,1.5,2.13,2.807,390
2025-03-31,0.56,2.54,1.3,1.1,1.5,0.346,433
2025-04-01,0.7,10.37,1.5,1.2,1.98,0.844,185
2025-04-02,0.65,2.72,1.2,0.94,1.52,0.412,141
2025-04-03,0.6,46.25,1.4,1.05,1.77,2.211,454
2025-04-04,0.5,2.6,1,0.88,1.2,0.285,459
2025-04-05,0.5,13.33,0.83,0.73,1,0.623,447
2025-04-06,0.6,2.5,1,0.9,1.2,0.255,288
2025-04-07,0.4,10.5,0.8,0.7,0.9,0.702,258
2025-04-08,0.55,9.07,1.07,0.9,1.33,0.475,457
2025-04-09,0.6,4.22,1.1,0.9,1.3,0.391,449
2025-04-10,0.6,2.2,1.1,1,1.3,0.224,459
2025-04-11,0.4,39.33,0.82,0.7,1,2.798,456
2025-04-12,0.77,17.7,1.4,1.14,1.63,0.859,459
2025-04-13,0.88,11.77,3.13,1.4,8.1,3.654,443
2025-04-14,0.7,14.57,2.47,1.4,10.95,4.816,459
2025-04-15,0.9,13.98,1.6,1.38,1.85,0.852,447
2025-04-16,1.8,11.57,5.85,4.59,7.4,2.324,457
2025-04-17,1.5,15.93,7.88,5.85,9.73,3.1,460
2025-04-18,1.92,20.92,7.72,6.38,9.97,2.742,461
2025-04-19,0.6,11.25,1.8,0.9,2.8,1.942,394
2025-04-20,0.5,52.05,1.12,0.9,1.48,2.962,461
2025-04-21,0.93,7.47,1.85,1.52,2.69,1.158,461
2025-04-22,1.58,6.9,3.14,2.6,4.18,1.202,460
2025-04-23,0.7,222.63,2.08,1.3,5.3,11.181,456
2025-04-24,0.5,5.88,0.9,0.7,1.04,0.317,441
2025-04-25,0.5,2.29,0.93,0.8,1.1,0.233,459
2025-04-26,0.6,4.05,0.95,0.8,1.1,0.307,461
2025-04-27,0.7,3.7,1.33,1.1,1.58,0.331,457
2025-04-28,0.5,5.5,1.9,1.6,2.47,1.077,459
2025-04-29,0.4,1.65,0.7,0.6,0.8,0.163,460
2025-04-30,0.47,6.65,0.95,0.77,1.48,1.246,459
2025-05-01,0.7,5.38,1.42,1.1,2.04,1.016,460
2025-05-02,0.47,5.15,1.5,0.9,3.47,1.349,420
2025-05-03,0.4,8.98,0.7,0.6,0.95,0.986,383
2025-05-04,0.6,1.92,0.93,0.82,1.1,0.18,460
2025-05-05,0.6,2.33,1,0.9,1.1,0.211,460
2025-05-06,0.47,2.1,0.98,0.7,1.1,0.26,459
2025-05-07,1,2.4,1.4,1.23,1.5,0.214,460
2025-05-08,0.8,2.17,1.2,1.1,1.4,0.235,458
2025-05-09,1,4,1.52,1.4,1.73,0.305,459
2025-05-10,1.2,2.88,1.6,1.5,1.83,0.269,460
2025-05-11,1.3,6.68,1.95,1.7,2.2,0.911,460
2025-05-12,1.2,3.97,1.8,1.6,2.29,0.496,433
2025-05-13,1.23,4.4,2.21,1.7,2.75,0.598,460
2025-05-14,0.6,3.3,1.12,0.98,1.47,0.496,460
2025-05-15,0.9,2.13,1.4,1.3,1.5,0.19,459
2025-05-16,0.56,2.52,1.48,1.15,1.67,0.351,460
2025-05-17,1,3.63,1.77,1.32,2.2,0.527,460
2025-05-18,1,5.78,1.55,1.38,2.1,0.498,460
2025-05-19,0.73,5.18,1.9,1.4,2.17,0.509,459
2025-05-20,0.93,3.53,1.4,1.3,1.6,0.309,460
2025-05-21,0.6,2.92,1.29,1.1,1.52,0.317,458
2025-05-22,0.6,4.22,2.27,1.3,2.88,0.934,460
2025-05-23,0.5,4.2,0.95,0.8,1.3,0.618,459
2025-05-24,0.5,10.38,1.1,0.8,1.51,0.709,460
2025-05-25,1.27,4.59,2.4,2.1,2.8,0.702,460
2025-05-26,0.9,6.95,1.8,1.4,4.13,1.651,460
2025-05-27,0.9,3.75,1.73,1.48,2.4,0.634,458
2025-05-28,1.1,4.47,2.02,1.6,2.54,0.633,459
2025-05-29,0.8,6.3,1.5,1.23,2.17,0.635,459
2025-05-30,0.7,284.08,1.33,1.1,1.77,21.352,451
2025-05-31,0.4,5.7,0.9,0.6,1.49,0.699,460
2025-06-01,0.7,15.02,1.6,1.23,2.12,1.156,449
2025-06-02,1.2,5.68,2,1.77,2.78,1.087,459
2025-06-03,1.5,7.55,2.58,2.27,2.83,0.521,459
2025-06-04,2.1,17.07,5.41,3.25,9.47,4.421,456
2025-06-05,1.55,16.88,2.5,2.15,3.07,3.446,457
2025-06-06,1,7.88,2.6,2.29,3.2,1.183,454
2025-06-07,1.1,6.88,1.63,1.5,1.85,0.44,460
2025-06-08,1.2,28.05,1.75,1.6,2.02,1.526,459
2025-06-09,1,6.4,1.8,1.5,2.44,0.581,460
2025-06-10,1.14,24.15,2.4,1.7,11.65,6.899,460
2025-06-11,1.8,21.55,7.82,4.47,10.76,3.709,449
2025-06-12,0.9,4.78,1.5,1.3,1.73,0.55,406
2025-06-13,1.1,4.4,1.65,1.5,1.8,0.293,460
2025-06-14,1.2,3.55,1.85,1.7,2,0.283,455
2025-06-15,1.6,63.35,3.2,2.89,3.55,3.831,280
2025-06-16,1.9,7.55,3.75,2.9,5.4,1.544,351
2025-06-17,1,9.57,3.6,2.6,7.38,2.555,461
2025-06-18,0.8,8.43,6.59,4.53,7.13,2.409,166
2025-07-17,2.8,6.03,3.8,3.3,4.37,0.652,281
2025-07-18,2.27,11.25,5,3.2,6.05,1.474,459
2025-07-19,2.78,522.91,4.55,3.78,5,58.801,460
2025-07-20,2.7,7.8,4.38,3.96,4.75,0.661,456
2025-07-21,3.63,323.67,5.28,4.7,5.7,14.903,459
2025-07-22,3.25,9.05,5.38,4.65,6.46,1.101,460
2025-07-23,4.9,10.6,7.55,6.03,8.69,1.468,460
2025-07-24,4.97,10.6,8.25,6.7,9.09,1.392,461
2025-07-25,1.2,13.05,4.75,4,9.5,3.196,459
2025-07-26,3.33,12.57,8.63,7.42,10.03,1.975,461
2025-07-27,3,9.3,5.15,4.25,6.63,1.681,458
2025-07-28,3.28,8.68,6.2,4.8,7.15,1.348,459
2025-07-29,0.85,8.38,3.97,2.2,5.93,2.012,459
2025-07-30,2.4,5.95,3.47,3.15,4.09,0.681,457
2025-07-31,1.95,6.72,3.7,3.3,4.05,0.789,456
2025-08-01,2.54,8.73,4.22,3.83,4.65,0.652,459
2025-08-02,1.5,5.55,2.92,2.4,4.2,0.992,460
2025-08-03,1.83,6,3.17,2.4,3.83,0.98,459
2025-08-04,0.8,10.52,2.9,1.7,5.53,2.319,458
2025-08-05,1,5.63,1.73,1.48,2.1,0.849,445
2025-08-06,1.38,3.58,2.15,1.9,2.45,0.404,423
2025-08-07,1.2,48.67,2.45,2.08,2.75,2.316,447
2025-08-08,2.45,11.65,3.58,3.2,4.09,0.802,451
2025-08-09,1.6,5.75,2.47,2.17,3.08,0.888,455
2025-08-10,0.7,5.05,2.17,1.48,2.7,0.831,459
2025-08-11,0.8,2.67,1.2,1.1,1.4,0.354,458
2025-08-12,1.1,30.5,1.82,1.55,2.15,1.462,460
2025-08-13,1.9,3.97,2.6,2.35,2.97,0.452,452
2025-08-14,2.1,5.65,3.15,2.7,3.8,0.64,451
2025-08-15,0.9,10.13,3.78,3.05,4.59,1.552,430
2025-08-16,0.5,2,0.8,0.7,0.9,0.206,457
2025-08-17,0.6,29.9,1.1,0.8,1.3,1.39,460
2025-08-18,1,5.03,1.6,1.38,2,0.49,456
2025-08-19,0.5,7.78,1.02,0.8,1.52,0.582,443
2025-08-20,0.6,1.95,0.9,0.8,1.05,0.186,435
2025-08-21,0.6,2.8,1.1,0.9,1.48,0.378,304
2025-08-22,0.6,7.8,1.2,0.95,1.52,0.814,300
2025-08-23,0.6,9.55,1,0.9,1.14,0.753,458
2025-08-24,0.5,2.17,0.8,0.7,0.9,0.213,459
2025-08-25,0.6,16.82,0.93,0.8,1.1,1.424,459
2025-08-26,0.6,5.85,1,0.9,1.35,0.682,459
2025-08-27,0.6,3.08,1.4,1,2.1,0.589,459
2025-08-28,1.33,6.8,2.6,2.1,3.17,1.091,459
2025-08-29,1.4,35.95,3.83,2.79,4.7,2.22,453
2025-08-30,2,16.8,2.97,2.6,3.4,1.206,453
2025-08-31,2.8,11.55,5.05,3.5,6.85,2.268,453
2025-09-01,3.5,9.19,5.63,4.63,6.38,1.137,448
2025-09-02,2.2,7.65,3.25,2.97,4.93,1.37,447
2025-09-03,1.3,14.55,2.92,2.42,4.57,2.388,442
2025-09-04,1.8,6.85,3.5,2.54,5.45,1.515,435
2025-09-05,1.14,9.02,6,2.8,7.1,2.223,378
2025-09-06,6.47,7.88,7.28,7.04,7.5,0.341,16
2025-09-07,1.85,7.07,3,2.63,3.65,0.904,212
2025-09-08,2.5,10.15,5.11,3.33,7.47,2.163,234
2025-09-09,4.78,11.18,7.78,6.31,9.19,1.601,445
2025-09-10,4.75,11.2,7.4,6.53,8.31,1.445,416
2025-09-11,3.13,12.32,8.93,7.4,9.88,1.946,438
2025-09-12,1.35,10.1,2.7,2.1,5.97,2.213,447
2025-09-13,0.95,17.88,1.75,1.42,2.15,1.341,441
2025-09-14,0.88,7.8,2.7,2.1,4.72,1.828,442
2025-09-15,0.9,6.65,1.97,1.3,2.47,0.816,382
2025-09-16,0.9,2.7,1.7,1.45,1.95,0.335,448
2025-09-17,0.93,30.38,1.66,1.33,1.85,1.417,446
2025-09-18,0.8,9.68,2,1.7,2.4,0.677,446
2025-09-19,1.5,5.2,2.27,2,2.65,0.465,443
2025-09-20,1.67,6.97,2.4,2.13,2.83,1.346,367
2025-09-21,0.73,6.25,3.6,2.33,4.5,1.466,447
2025-09-22,0.5,5.3,0.8,0.7,0.9,0.361,450
2025-09-23,0.7,5.7,1,0.9,1.1,0.302,449
2025-09-24,0.6,7.18,1,0.85,1.88,0.865,452
2025-09-25,0.6,4.15,1.63,1.1,2.13,0.667,455
2025-09-26,0.88,11.32,1.65,1.3,2.63,1.686,450
2025-09-27,1,12.68,2.4,1.74,2.95,1.219,453
2025-09-28,0.7,5.2,1.7,1.12,3.13,1.275,448
2025-09-29,0.7,2,1.2,1.02,1.4,0.259,451
2025-09-30,0.8,4.22,1.4,1.17,1.8,0.522,427
2025-10-01,1.8,6.88,2.67,2.38,4.55,1.203,417
2025-10-02,1.7,9,4.45,3.3,5.07,1.173,446
2025-10-03,1.9,16.39,3,2.58,4.7,1.313,444
2025-10-04,1.14,8.98,2.6,2.25,3.29,1.245,449
2025-10-05,0.93,3.1,1.48,1.3,1.73,0.316,453
2025-10-06,1.2,5.97,2.38,1.8,3.5,0.983,447
2025-10-07,0.6,4.8,1.73,1.4,3.08,1.045,446
2025-10-08,0.7,2.95,1.45,1.2,1.8,0.452,450
2025-10-09,0.93,2.5,1.55,1.3,1.88,0.353,454
2025-10-10,0.75,16.92,1.3,1.1,1.75,1.167,455
2025-10-11,0.7,7.4,1.38,1.2,1.66,0.993,457
2025-10-12,0.5,2.1,0.9,0.8,1,0.223,451
2025-10-13,0.6,1.8,1,0.9,1.17,0.218,454
2025-10-14,0.7,5.57,1.05,0.95,1.2,0.383,451
2025-10-15,0.8,7.2,1.2,1.02,1.3,0.451,453
2025-10-16,0.85,8.52,1.6,1.32,1.84,0.58,389
2025-10-17,0.77,3.55,1.23,1.05,1.5,0.362,455
2025-10-18,0.77,5,1.2,1,2.29,0.938,457
2025-10-19,0.8,5.3,1.51,1.14,1.83,0.74,458
2025-10-20,0.8,15.5,1.4,1.17,1.77,1.48,455
2025-10-21,1.23,6.8,4.2,2.97,5,1.328,454
2025-10-22,6.4,23.98,16.92,12.37,18.97,4.268,453
2025-10-23,3.4,27.15,13.4,11.37,18.05,5.306,456
2025-10-24,1.7,24.55,11.35,7.21,14.98,6.044,457
2025-10-25,1.42,7.25,2.4,2.04,2.95,0.712,459
2025-10-26,1.42,9.6,3.14,2.67,4.09,1.322,456
2025-10-27,0.6,3.13,1.3,1.12,1.63,0.47,456
2025-10-28,0.8,5.35,1.89,1.42,3.2,1.042,456
2025-10-29,1,5.22,1.9,1.58,2.6,0.67,457
2025-10-30,1.1,5.6,2.8,2,3.75,1.01,453
2025-10-31,0.5,3.88,1.25,1.05,1.5,0.471,457
2025-11-01,0.6,10.27,1.3,0.95,1.55,0.834,454
2025-11-02,1.7,15.4,2.8,2.29,4.45,2.443,454
2025-11-03,0.77,5.18,2.08,1.4,2.67,0.766,451
2025-11-04,0.73,3.38,1.23,1,1.73,0.682,451
2025-11-05,0.6,5.5,2.42,1.95,3,0.922,454
2025-11-06,2.67,7.82,5.43,4.09,6.2,1.253,450
2025-11-07,1.6,23.38,4.82,3.4,18.89,7.418,455
2025-11-08,1.77,19.14,10.23,6.03,15.9,5.304,453
2025-11-09,0.88,13.52,3.12,1.48,5.25,2.469,454
2025-11-10,0.63,3.53,1.63,1.2,2.1,0.63,449
2025-11-11,0.8,3.2,2.1,1.65,2.47,0.555,453
2025-11-12,1.52,5.1,2.92,2.47,3.53,0.722,456
2025-11-13,0.8,2.88,1.48,1.1,1.8,0.46,99